no;lwage;kwage;hijob;nvstat;rsncode;age;educ
1;1.891843695;2.575186213;1;0;1;37;hs
2;-1.624956199;0.443757029;0;0;0;12;hs
3;-0.483876556;0.785104634;0;0;1;31;hs
4;0.919650274;1.583797013;0;1;1;27;college
5;-0.391547955;0.822198049;0;0;0;33;college
6;1.226527362;1.846447792;0;1;1;33;college
7;0.455302094;1.255647087;0;0;0;23;hs
8;0.53870739;1.309118088;0;1;1;29;hs
9;2.312569276;3.178103508;1;0;0;37;hs
10;3.402993862;5.48214765;1;1;1;51;hs
11;-0.886650597;0.641898364;0;0;0;34;hs
12;1.911376819;2.600460148;1;1;1;40;hs
13;1.038555529;1.680813268;0;0;0;11;college
14;1.32721369;1.941783431;0;0;1;42;hs
15;2.213604575;3.024670886;1;1;1;40;college
16;2.52244116;3.529727174;1;0;0;34;graduate
17;2.083558053;2.834254746;1;1;1;35;hs
18;-0.476707051;0.78792409;0;0;0;34;hs
19;0.702008819;1.42049359;0;0;0;37;college
20;2.280152181;3.127006292;1;0;0;46;hs
21;-0.019688246;0.990204172;0;0;0;22;graduate
22;1.021712145;1.666717415;0;0;1;26;hs
23;2.281133003;3.128540185;1;1;1;32;college
24;0.081047617;1.041356102;0;0;0;25;college
25;0.277088421;1.148600461;0;0;0;22;hs
26;2.819126595;4.094167081;1;1;0;36;college
27;2.374997784;3.278870136;1;1;1;30;hs
28;0.567722056;1.328248328;0;0;0;27;college
29;2.185993641;2.983200807;1;1;1;53;hs
30;2.071867141;2.817735564;1;1;1;37;college
31;2.13448414;2.907350165;1;1;1;48;college
32;0.191949786;1.100731428;0;1;0;28;hs
33;1.674745062;2.310288782;1;1;1;28;hs
34;2.340091783;3.222140505;1;1;1;39;graduate
35;-0.41405552;0.812997081;0;0;0;24;graduate
36;1.071688247;1.708890148;0;0;0;47;hs
37;1.09275486;1.726985547;0;0;0;28;college
38;1.457931081;2.07293513;1;1;1;44;hs
39;2.280118165;3.126953108;1;0;0;46;college
40;2.143211815;2.920065091;1;1;1;29;college
41;2.026551585;2.754609782;1;0;0;42;graduate
42;-0.57439517;0.750363454;0;1;1;17;hs
43;3.12032828;4.759602423;1;1;1;49;hs
44;1.922437453;2.614881358;1;0;0;50;college
45;0.599269283;1.349365715;0;1;1;27;hs
46;1.428561821;2.042717258;1;0;0;48;college
47;2.93208584;4.332058877;1;1;1;44;graduate
48;1.877260863;2.556477748;1;1;1;36;college
49;1.847961472;2.51929912;1;0;0;41;college
50;1.822872045;2.487892639;1;1;1;37;college
51;-0.613494166;0.735836683;0;0;1;24;hs
52;1.569996231;2.192402809;1;1;1;39;graduate
53;1.53726612;2.156816;1;1;1;34;hs
54;1.357772592;1.97168064;1;1;1;38;college
55;2.306411907;3.168334177;1;1;1;37;college
56;-0.666897102;0.716448758;0;1;1;38;hs
57;2.390727606;3.304759833;1;1;1;37;hs
58;0.751999156;1.456446519;0;0;0;33;hs
59;0.92151337;1.585273083;0;0;0;27;college
60;1.368954385;1.982734976;1;0;0;36;hs
61;3.030389755;4.550307793;1;1;1;34;college
62;0.242332934;1.128812807;0;0;0;23;hs
63;2.487348637;3.468333844;1;1;0;44;graduate
64;-0.635305509;0.727855489;0;0;0;30;hs
65;0.586512103;1.340786057;0;1;1;31;hs
66;-0.494255534;0.781040896;0;0;0;39;hs
67;1.345148262;1.959274264;1;0;0;32;hs
68;1.917777614;2.608795986;1;0;0;34;college
69;1.052721026;1.692760305;0;1;0;16;hs
70;1.844231837;2.514605466;1;0;0;33;hs
71;0.58166069;1.337537645;0;0;0;38;college
72;-0.613352859;0.735888674;0;1;1;32;college
73;3.56527245;5.945509479;1;1;1;44;hs
74;0.850651796;1.530088991;0;1;0;30;hs
75;2.342634318;3.226239312;1;1;1;34;hs
76;1.730930891;2.376111779;1;1;0;47;hs
77;2.882999518;4.227030592;1;1;1;41;hs
78;-0.073049551;0.964134207;0;1;1;35;hs
79;-0.848725254;0.654186613;0;1;0;16;graduate
80;-0.009499633;0.995261446;0;1;1;31;hs
81;1.889280301;2.57188772;1;0;0;47;hs
82;3.765810097;6.572570792;1;1;1;33;college
83;1.97440227;2.683712602;1;0;0;17;college
84;2.163793343;2.950269941;1;1;0;44;hs
85;1.089318117;1.724020492;0;0;0;29;college
86;1.224901632;1.844947489;0;0;0;38;college
87;4.018735374;7.458599686;1;1;1;45;hs
88;0.562276183;1.324636512;0;1;1;20;college
89;1.787871278;2.444732326;1;0;0;34;college
90;3.044833552;4.583288603;1;0;0;37;hs
91;2.977416023;4.431366544;1;0;0;37;hs
92;1.685882052;2.3231895;1;0;1;28;hs
93;1.195751341;1.818252128;0;1;1;36;graduate
94;0.116591498;1.060028452;0;0;0;22;hs
95;1.481770301;2.097791555;1;0;0;31;college
96;1.91634503;2.606927996;1;1;1;46;college
97;0.274735625;1.147250044;0;1;1;26;hs
98;1.285464956;1.901670058;0;0;1;44;college
99;2.322602355;3.194086647;1;1;1;50;college
100;-0.08024136;0.960673498;0;1;1;28;hs
101;2.660716752;3.782398666;1;1;1;40;college
102;1.134379423;1.763304687;0;0;0;34;college
103;1.734208603;2.380009076;1;0;0;34;hs
104;1.478879977;2.094762095;1;1;1;33;hs
105;0.8454343;1.526102577;0;0;0;31;college
106;2.720862874;3.897874626;1;1;1;42;college
107;2.793995725;4.043043955;1;1;0;36;hs
108;-1.663125738;0.435368331;0;0;0;21;hs
109;-0.777683211;0.677841628;0;0;0;18;hs
110;2.168327344;2.956965791;1;1;1;47;hs
111;-1.102283494;0.576291455;0;0;1;19;hs
112;-0.123255738;0.940232711;0;0;0;23;college
113;1.581507439;2.205057795;1;0;0;37;hs
114;0.51419601;1.293171858;0;0;1;42;college
115;2.315818741;3.183271273;1;0;0;35;hs
116;1.967638021;2.674651283;1;1;1;37;hs
117;-0.148430167;0.928471973;0;1;1;32;hs
118;-0.37866852;0.827509857;0;1;1;31;hs
119;2.082562757;2.832844636;1;0;0;33;hs
120;2.164524659;2.951348928;1;0;1;36;hs
121;-1.579138292;0.454040378;0;0;1;23;college
122;1.080629526;1.716547083;0;1;0;25;college
123;-0.19369958;0.90769234;0;0;0;30;hs
124;1.416752783;2.030691532;1;0;0;36;college
125;3.322187504;5.265066374;1;1;0;51;hs
126;5.058187111;12.54213223;1;1;1;56;graduate
127;2.657925233;3.77712303;1;1;0;38;hs
128;3.973820244;7.292964542;1;0;1;50;hs
129;1.886142964;2.567856443;1;1;1;32;college
130;2.917910503;4.301463233;1;1;1;38;hs
131;2.078059837;2.826473774;1;0;0;44;hs
132;2.704668398;3.866440045;1;1;0;32;hs
133;3.751072398;6.524316516;1;1;1;58;college
134;1.0947069;1.728671941;0;1;1;28;hs
135;2.03295123;2.763438161;1;1;1;46;hs
136;0.91104268;1.57699532;0;1;1;38;college
137;-0.036600287;0.981866288;0;1;1;44;graduate
138;1.656460882;2.289264166;1;0;0;42;college
139;2.207840054;3.015965549;1;1;1;41;graduate
140;1.588006501;2.212234853;1;1;1;31;hs
141;2.618986893;3.704296813;1;1;0;35;hs
142;2.292527865;3.146415702;1;1;1;46;college
143;2.041309501;2.77501111;1;0;0;32;hs
144;-0.75525009;0.68548748;0;0;0;23;hs
145;2.403081458;3.325236266;1;1;1;32;college
146;0.107358313;1.055146011;0;0;0;26;hs
147;0.467561157;1.263367252;0;0;0;28;college
148;-0.689725625;0.708317519;0;0;0;24;hs
149;2.33782282;3.218487118;1;1;1;31;graduate
150;1.236719742;1.855881659;0;1;1;24;hs
151;2.493235281;3.478557306;1;0;0;33;hs
152;2.352885109;3.242817513;1;1;0;37;hs
153;-1.659440251;0.436171343;0;1;1;19;hs
154;1.049627812;1.690144293;0;1;1;31;college
155;2.428311293;3.367449547;1;0;0;38;hs
156;0.002724644;1.001363251;0;1;1;39;hs
157;2.022583541;2.749149993;1;1;1;34;hs
158;2.123060429;2.890791137;1;1;1;40;graduate
159;-2.698420532;0.259445072;0;0;0;18;hs
160;0.65455174;1.387184107;0;0;0;30;hs
161;3.651551472;6.207608619;1;1;1;44;college
162;0.677764316;1.403377959;0;0;0;25;college
163;0.779876974;1.476889943;0;0;0;34;hs
164;2.830200297;4.116898747;1;1;1;43;hs
165;1.052167722;1.692292064;0;1;1;31;hs
166;2.415422229;3.345817688;1;0;0;39;college
167;1.110613333;1.742475262;0;1;1;34;hs
168;1.406107599;2.019911704;1;0;1;45;college
169;0.38070162;1.209673889;0;1;1;29;college
170;1.50867526;2.126202724;1;0;0;41;hs
171;1.472206333;2.087783896;1;1;1;36;hs
172;2.741013249;3.937344945;1;1;1;42;graduate
173;-0.036486154;0.981922321;0;1;1;29;hs
174;3.814724945;6.73530081;1;1;1;39;college
175;0.856993258;1.534948191;0;0;0;28;hs
176;1.764612455;2.416466206;1;0;0;35;college
177;0.475710978;1.268525863;0;0;0;30;hs
178;1.122353027;1.752733402;0;0;0;37;hs
179;1.8063502;2.467425008;1;0;0;35;college
180;1.274618603;1.89138488;0;1;1;34;hs
181;1.975036259;2.684563459;1;0;0;31;hs
182;0.527039269;1.301502849;0;1;0;35;college
183;1.826936638;2.492953916;1;0;0;35;hs
184;2.279266548;3.125621908;1;0;0;40;hs
185;3.02869793;4.546460259;1;1;1;34;college
186;0.58984077;1.34301943;0;0;0;28;hs
187;1.396887518;2.010621261;1;1;1;29;college
188;0.980186791;1.632468678;0;0;0;28;hs
189;2.571574202;3.617514185;1;1;1;41;hs
190;2.077943109;2.826308815;1;0;0;35;hs
191;-0.576450745;0.749592636;0;0;0;30;hs
192;1.170747459;1.795661952;0;1;0;24;graduate
193;0.990486661;1.640897471;0;0;0;23;graduate
194;-0.052376163;0.974151852;0;0;0;32;college
195;1.756111769;2.406217193;1;0;0;45;graduate
196;2.59563267;3.661292894;1;0;1;56;college
197;-0.514356456;0.77323039;0;0;1;32;graduate
198;1.467812819;2.083202576;1;0;0;34;college
199;-0.906486841;0.635563406;0;0;0;29;hs
200;0.512620626;1.292153638;0;1;1;32;college
201;2.630593278;3.725856056;1;0;0;38;hs
202;1.60289499;2.22876472;1;0;0;46;college
203;3.098933354;4.708958117;1;0;1;42;hs
204;3.059294729;4.616548577;1;1;1;52;college
205;0.912976628;1.578520971;0;1;1;32;college
206;2.563691842;3.603284969;1;1;1;41;graduate
207;3.980684074;7.318036374;1;0;0;42;hs
208;-0.397684401;0.819679228;0;1;1;27;graduate
209;3.73772436;6.480918084;1;1;1;37;hs
210;2.384284833;3.294131054;1;1;1;23;college
211;-1.052159913;0.590916855;0;1;1;35;hs
212;0.799983499;1.49181239;0;0;0;28;college
213;1.545703069;2.165933691;1;0;1;29;college
214;0.449226358;1.251838385;0;0;0;26;hs
215;2.361591198;3.25696441;1;1;1;44;hs
216;1.603504841;2.229444431;1;0;1;31;college
217;-0.252803735;0.881260626;0;0;1;31;college
218;3.11319162;4.742648856;1;1;1;32;college
219;2.530747104;3.544416512;1;1;1;42;college
220;2.809967265;4.075460035;1;1;1;43;college
221;2.769424011;3.993675582;1;1;0;45;college
222;0.97313332;1.626721533;0;0;0;50;college
223;1.531170621;2.150252571;1;0;1;37;college
224;0.35002287;1.191259839;0;1;1;34;college
225;1.714610156;2.356800733;1;0;0;42;college
226;-0.338099887;0.844466727;0;0;0;40;hs
227;3.344964426;5.325370107;1;0;0;43;hs
228;1.254571094;1.872520805;0;0;0;32;hs
229;-0.418256634;0.811291127;0;0;0;30;graduate
230;-2.47416526;0.290229691;0;0;0;10;hs
231;1.555326594;2.176380763;1;1;1;39;college
232;2.270733075;3.112314114;1;1;1;38;hs
233;-0.575553069;0.749929157;0;0;0;31;graduate
234;2.187333566;2.98520011;1;1;1;43;hs
235;-1.51253542;0.469415155;0;0;0;20;college
236;1.486408165;2.102661835;1;0;0;29;college
237;0.943614808;1.602888644;0;0;1;32;college
238;3.499463452;5.753059073;1;1;0;36;hs
239;0.341954702;1.186463877;0;0;1;33;hs
240;0.372281177;1.2045916;0;0;1;54;hs
241;1.569510735;2.191870673;1;0;0;41;hs
242;3.680376445;6.297723524;1;1;1;35;graduate
243;-0.239419486;0.887177909;0;0;0;23;college
244;-0.07572487;0.962845385;0;0;0;30;hs
245;-0.034232096;0.983029599;0;1;1;21;hs
246;-0.550726183;0.759296379;0;0;0;23;college
247;0.461637746;1.259631065;0;0;1;34;graduate
248;-0.195535843;0.906859342;0;0;0;28;hs
249;-0.983264042;0.611627391;0;0;0;30;hs
250;1.657209014;2.290120662;1;0;1;37;college
251;2.358579746;3.252064004;1;1;1;26;hs
252;2.864363261;4.187825521;1;1;0;36;college
253;-1.39245713;0.498461679;0;1;1;24;hs
254;-0.193387312;0.907834073;0;0;0;32;graduate
255;2.181239658;2.976118186;1;1;0;28;hs
256;3.694564019;6.342557062;1;0;0;37;hs
257;0.80087677;1.492478835;0;0;0;47;hs
258;-0.921924293;0.63067655;0;0;0;37;college
259;-0.032715563;0.983775281;0;0;0;27;graduate
260;3.084061867;4.674073369;1;0;0;20;graduate
261;1.426673006;2.04078901;1;0;0;35;college
262;0.615351069;1.36025956;0;1;1;29;graduate
263;0.376237865;1.206977056;0;1;0;19;hs
264;2.723563826;3.903142169;1;0;0;38;college
265;-0.505143811;0.776800355;0;0;0;35;hs
266;2.053978418;2.792645094;1;0;0;31;graduate
267;-0.178952211;0.914410114;0;0;0;33;hs
268;1.163456523;1.789127841;0;0;0;41;college
269;1.598873607;2.224287865;1;0;0;34;college
270;-0.134343067;0.935034798;0;1;1;27;college
271;-1.272504878;0.529272192;0;1;1;35;college
272;0.127370837;1.065757079;0;0;0;39;hs
273;1.428237853;2.042386397;1;0;0;36;college
274;0.939999739;1.599993984;0;0;0;26;hs
275;1.786465226;2.443014221;1;0;0;27;college
276;2.612474933;3.692255309;1;1;1;33;hs
277;1.833823262;2.50155273;1;0;0;33;hs
278;2.437231618;3.382502462;1;0;0;36;graduate
279;0.724604905;1.436633389;0;0;0;23;hs
280;-0.244046536;0.885127773;0;0;1;38;college
281;-0.402388534;0.817753554;0;0;0;25;graduate
282;-0.636834809;0.727299147;0;0;0;33;college
283;3.147429933;4.824537939;1;0;0;36;hs
284;0.839638491;1.521686479;0;1;1;26;hs
285;1.87292078;2.550936101;1;1;1;32;college
286;1.485484529;2.101691012;1;1;1;26;college
287;1.603894846;2.229879221;1;0;1;52;hs
288;1.399276404;2.013024268;1;0;1;42;college
289;2.181311707;2.976225401;1;1;1;49;hs
290;2.057056864;2.796946907;1;1;1;38;graduate
291;-0.569105242;0.752350765;0;0;0;29;hs
292;-0.301647706;0.859999172;0;0;0;32;college
293;3.144714665;4.817992427;1;1;1;38;hs
294;0.994578052;1.644257683;0;0;1;46;hs
295;1.371095159;1.984858406;1;0;0;41;hs
296;1.583560569;2.207322592;1;0;0;27;hs
297;1.14052105;1.768727789;0;1;1;47;graduate
298;2.522870624;3.5304852;1;0;1;46;college
299;1.825960469;2.49173744;1;1;1;33;college
300;2.084788599;2.835999124;1;0;0;37;hs
301;0.240493808;1.12777527;0;0;1;37;hs
302;3.508166821;5.778149122;1;1;0;48;college
303;-0.969601483;0.615819892;0;0;1;34;college
304;0.860463585;1.53761389;0;0;1;37;graduate
305;2.967257795;4.408916191;1;1;1;34;college
306;1.783779278;2.439735517;1;1;1;28;college
307;0.005517557;1.002762587;0;0;0;29;graduate
308;0.699559473;1.418755014;0;0;0;32;hs
309;0.351591109;1.192194295;0;1;1;37;college
310;-1.932137726;0.380576198;0;0;0;20;college
311;1.7123754;2.354168767;1;1;1;39;hs
312;2.159247656;2.943572053;1;1;1;39;graduate
313;1.526246588;2.144965126;1;0;1;42;college
314;1.832459465;2.499847506;1;1;1;35;graduate
315;4.617932787;10.06401704;1;1;1;48;college
316;2.457737833;3.417362028;1;0;0;34;hs
317;-2.391075182;0.302541267;0;0;0;24;college
318;0.643630244;1.379629689;0;0;0;22;graduate
319;2.518829683;3.523359161;1;1;1;45;graduate
320;-0.606462446;0.738428335;0;0;1;26;hs
321;1.08201032;1.717732591;0;1;1;40;college
322;1.053435642;1.69336525;0;0;0;30;college
323;1.305793619;1.921097831;0;0;0;25;hs
324;2.213524763;3.024550186;1;0;0;43;college
325;0.702230347;1.420650938;0;0;0;40;hs
326;0.594524671;1.346168401;0;0;0;29;college
327;1.053588682;1.693494831;0;0;0;35;college
328;3.92637427;7.121989674;1;1;1;47;college
329;1.566942075;2.189057395;1;0;0;48;hs
330;0.907175976;1.573949378;0;0;0;37;graduate
331;2.526762017;3.53736114;1;1;0;36;college
332;0.854829274;1.533288288;0;0;0;33;hs
333;1.353618882;1.967589995;1;0;0;37;hs
334;1.592077216;2.216742128;1;1;1;45;graduate
335;1.774128956;2.427991757;1;0;0;26;hs
336;1.107001575;1.739331402;0;1;1;35;hs
337;1.553610863;2.174514522;1;0;0;38;college
338;0.570378095;1.33001344;0;1;0;14;hs
339;-0.242231424;0.885931441;0;1;1;39;college
340;2.247714183;3.076698453;1;0;0;37;hs
341;3.063993175;4.627406627;1;1;1;49;hs
342;0.922952374;1.586414101;0;0;0;35;hs
343;0.8625606;1.539226935;0;0;0;32;hs
344;1.701712128;2.341650597;1;1;1;33;graduate
345;2.30061669;3.159166873;1;1;1;35;college
346;1.658162148;2.291212319;1;0;1;48;college
347;2.696380336;3.850450551;1;1;1;32;college
348;-1.900674638;0.38661059;0;0;0;23;hs
349;2.943406776;4.356649889;1;0;0;51;hs
350;2.471354897;3.440708634;1;1;1;29;graduate
351;2.871523802;4.202845942;1;1;1;44;college
352;0.497812907;1.282622043;0;0;1;26;hs
353;0.788940386;1.483597962;0;1;1;29;hs
354;1.588831049;2.213147089;1;1;1;35;college
355;-0.923987816;0.630026178;0;0;0;32;hs
356;3.948341367;7.200645564;1;1;1;54;hs
357;0.451618906;1.253336823;0;0;0;31;graduate
358;2.41385904;3.343203637;1;1;1;32;hs
359;0.467558912;1.263365834;0;0;1;37;hs
360;0.708617869;1.425195411;0;0;0;38;hs
361;0.230421851;1.122110094;0;0;0;31;college
362;0.968923791;1.623301268;0;0;0;32;hs
363;2.094386764;2.849642027;1;1;1;24;hs
364;-0.831605067;0.659810548;0;0;0;20;college
365;4.669412828;10.32642779;1;1;1;48;college
366;0.963532703;1.61893148;0;0;1;40;hs
367;0.748750714;1.454082848;0;0;0;35;college
368;-0.121625019;0.940999652;0;0;0;29;graduate
369;3.146534575;4.822378579;1;1;1;30;college
370;0.235195008;1.124791297;0;1;1;30;college
371;2.113403309;2.876866423;1;1;1;34;hs
372;1.131286067;1.76057953;0;1;1;33;college
373;0.494176648;1.280292188;0;0;0;31;graduate
374;3.867072977;6.913918047;1;1;1;42;graduate
375;0.340758317;1.185754355;0;0;0;22;hs
376;-0.082470629;0.959603295;0;1;1;37;hs
377;1.458501365;2.073526296;1;1;1;44;hs
378;-1.041205041;0.594162445;0;1;1;34;hs
379;3.219162478;5.000716683;1;1;0;42;college
380;1.9129049;2.602447764;1;0;0;46;hs
381;-0.186364476;0.911027461;0;0;0;27;hs
382;2.064117683;2.806838726;1;0;0;28;hs
383;0.235471764;1.124946954;0;0;0;41;college
384;-0.044768208;0.977864561;0;0;0;33;college
385;2.000034763;2.718329077;1;0;0;39;college
386;4.543193639;9.694869419;1;0;0;43;hs
387;0.469847561;1.264812362;0;1;1;16;hs
388;2.424750609;3.361459667;1;0;0;51;college
389;3.675872478;6.283557111;1;1;1;40;graduate
390;1.352604561;1.966592364;1;1;1;44;hs
391;0.427398152;1.238249979;0;0;0;32;hs
392;2.409396226;3.335751906;1;0;0;40;college
393;3.83590368;6.807002351;1;1;0;35;hs
394;1.834780476;2.502750277;1;1;1;55;graduate
395;5.088340614;12.73265951;1;1;1;55;college
396;3.386228307;5.436384106;1;1;0;39;graduate
397;1.558938987;2.180315287;1;1;0;31;hs
398;3.008140593;4.49996805;1;0;0;36;hs
399;0.052669047;1.026684341;0;0;0;16;hs
400;-3.829965128;0.147344402;0;0;0;9;hs
401;0.355697511;1.194644624;0;0;0;34;graduate
402;0.992508781;1.642557356;0;0;0;42;hs
403;0.587156298;1.34121799;0;0;0;32;college
404;0.538452612;1.308951331;0;0;0;34;college
405;2.641938034;3.747050575;1;1;1;37;graduate
406;2.015781899;2.739816506;1;1;1;36;graduate
407;4.477271076;9.380523184;1;1;1;46;college
408;0.648650707;1.383097229;0;0;0;37;college
409;1.561910684;2.183557314;1;1;1;32;college
410;1.747922088;2.396384263;1;1;1;36;graduate
411;2.436361583;3.381031335;1;0;0;41;hs
412;0.207675191;1.109420266;0;1;1;24;graduate
413;1.021134029;1.666235707;0;0;0;32;college
414;5.993084992;20.01621101;1;1;1;58;graduate
415;1.219684452;1.840141049;0;1;1;36;hs
416;0.91424992;1.57952625;0;0;1;43;hs
417;2.71895361;3.894155367;1;1;1;36;college
418;0.70690819;1.423977617;0;0;1;42;hs
419;1.036342159;1.678954166;0;0;1;36;hs
420;2.231479098;3.051824319;1;0;1;41;college
421;2.328524198;3.203558103;1;0;0;44;college
422;3.191039026;4.930890069;1;1;1;43;graduate
423;1.882535102;2.563228383;1;0;0;41;hs
424;0.981576834;1.633603673;0;1;1;26;graduate
425;0.964128761;1.619414041;0;0;0;32;college
426;0.157329745;1.081841706;0;0;0;26;college
427;0.308978731;1.167061867;0;1;1;32;college
428;-0.751336048;0.686830306;0;0;0;31;hs
429;0.889368308;1.559997399;0;0;0;32;college
430;3.951888204;7.213426652;1;1;1;50;college
431;1.562951028;2.184693435;1;0;0;42;college
432;1.211367029;1.832504325;0;0;0;37;hs
433;0.539506819;1.309641466;0;1;1;38;hs
434;1.137711727;1.766245069;0;0;0;30;hs
435;0.249414369;1.132816698;0;1;0;28;hs
436;2.447639118;3.400150036;1;0;0;41;college
437;0.892909585;1.562762037;0;0;1;45;hs
438;0.003345828;1.001674314;0;1;1;26;hs
439;2.676836798;3.813008076;1;1;1;35;graduate
440;2.658918949;3.77900019;1;1;1;31;college
441;2.243109189;3.069622514;1;1;1;34;graduate
442;0.530700831;1.303887798;0;0;0;32;graduate
443;1.17159822;1.796425955;0;0;0;42;graduate
444;1.266554515;1.883774087;0;0;0;33;hs
445;2.320916525;3.191395438;1;1;1;46;college
446;1.273923517;1.890727656;0;0;0;24;hs
447;1.623574011;2.251928602;1;0;0;26;hs
448;2.844037316;4.145480306;1;0;0;41;graduate
449;0.197795187;1.103953242;0;0;0;34;college
450;-0.297127198;0.861945186;0;0;1;25;hs
451;1.975991324;2.685845731;1;1;1;36;college
452;1.769623247;2.422528002;1;0;0;34;college
453;0.941659334;1.601322206;0;0;1;42;college
454;1.827422649;2.493559791;1;1;1;44;hs
455;3.402841781;5.4817308;1;0;0;39;college
456;1.264121663;1.881484008;0;1;1;37;hs
457;2.122897892;2.890556216;1;1;1;29;hs
458;0.078116446;1.039831024;0;0;1;20;college
459;1.042165612;1.683849945;0;0;1;37;graduate
460;0.546579061;1.314280714;0;0;0;36;hs
461;2.638963745;3.741482311;1;1;1;34;hs
462;2.400933853;3.321667535;1;1;1;39;hs
463;0.336933202;1.183488699;0;0;1;33;hs
464;1.125408645;1.755413291;0;0;0;35;college
465;-0.385340293;0.824753977;0;1;1;22;hs
466;1.794532116;2.452887883;1;1;1;31;graduate
467;-0.104306678;0.949183309;0;1;0;33;college
468;2.344782235;3.22970602;1;0;0;46;graduate
469;2.742623264;3.940515813;1;1;1;42;graduate
470;0.612515908;1.358332649;0;1;1;37;hs
471;0.33331076;1.181347079;0;0;0;31;hs
472;2.646848775;3.756262277;1;1;0;40;hs
473;3.419665549;5.528036971;1;1;1;22;college
474;3.145364787;4.819558823;1;1;1;45;college
475;0.882829545;1.554905501;0;1;1;24;college
476;3.715356915;6.408841091;1;1;1;45;college
477;1.63403926;2.263742982;1;0;0;28;college
478;0.802913575;1.493999553;0;1;1;36;college
479;2.45582032;3.414087179;1;1;1;38;college
480;0.534029395;1.306059642;0;1;1;23;hs
481;1.979367317;2.690383258;1;0;0;35;college
482;0.782346485;1.478714667;0;1;1;28;college
483;-0.923275188;0.630250705;0;0;0;42;hs
484;1.190164797;1.813180342;0;0;0;41;graduate
485;0.957125969;1.613753746;0;0;0;38;graduate
486;1.14982737;1.776977141;0;0;1;53;hs
487;2.556522731;3.590391916;1;1;1;32;college
488;0.077417875;1.039467889;0;0;0;34;hs
489;2.941932514;4.35343965;1;1;0;33;college
490;1.788173319;2.445101559;1;0;1;33;hs
491;0.354480559;1.193917933;0;0;1;17;graduate
492;0.788872412;1.48354754;0;0;0;40;hs
493;-1.099719027;0.57703087;0;0;0;24;college
494;1.329991964;1.944482708;1;1;1;32;hs
495;1.754352073;2.404101018;1;0;0;33;college
496;3.753637756;6.532690488;1;1;1;49;hs
497;2.697357614;3.852332492;1;0;1;56;college
498;-1.059068941;0.588879046;0;0;0;39;hs
499;1.669699513;2.304467791;1;0;1;35;graduate
500;2.750272973;3.955616575;1;1;1;41;hs
501;2.934057335;4.336331297;1;1;1;40;hs
502;0.677654744;1.403301075;0;0;0;25;college
503;1.545545699;2.165763271;1;0;0;32;hs
504;-1.226780459;0.541511904;0;0;0;34;hs
505;0.017442004;1.008759141;0;0;0;37;hs
506;0.750523549;1.455372344;0;0;1;39;graduate
507;0.628809863;1.369444155;0;1;1;26;graduate
508;2.335244251;3.214340246;1;1;1;28;college
509;-1.423013133;0.490904061;0;1;1;22;college
510;0.193246703;1.101445437;0;0;0;31;college
511;0.118643723;1.061116718;0;0;1;41;college
512;2.982522962;4.442696363;1;1;1;35;graduate
513;0.988958583;1.63964424;0;0;0;31;college
514;0.84580122;1.526382581;0;0;0;49;hs
515;1.71429834;2.356433318;1;1;0;34;college
516;0.079886856;1.040751895;0;0;0;23;hs
517;0.903161406;1.570793182;0;1;1;27;college
518;1.684446177;2.321522193;1;1;1;40;hs
519;2.754284749;3.963559062;1;1;1;47;hs
520;0.741791428;1.449031952;0;1;1;35;hs
521;1.547179515;2.167533223;1;1;1;37;graduate
522;1.791138109;2.448728854;1;1;1;36;college
523;1.361676951;1.975533474;1;0;0;27;hs
524;0.436510429;1.24390449;0;0;0;21;college
525;-0.330897479;0.847513306;0;0;0;27;college
526;2.907277415;4.278654998;1;1;1;44;college
527;2.177074178;2.969926155;1;0;0;36;college
528;-0.551719196;0.758919477;0;0;0;33;hs
529;1.534253665;2.15356979;1;1;0;38;hs
530;1.95842585;2.662359941;1;1;1;37;hs
531;-0.444432546;0.800742167;0;0;0;22;college
532;1.430651368;2.04485255;1;0;1;45;hs
533;3.578385718;5.984620085;1;1;1;49;hs
534;-0.349482802;0.839674131;0;0;1;33;college
535;1.669540683;2.304284788;1;0;0;39;college
536;2.154276336;2.93626442;1;0;0;37;college
537;2.601816218;3.672630302;1;1;1;39;college
538;0.275390764;1.147625909;0;1;1;25;hs
539;-0.462508268;0.793537776;0;1;1;31;college
540;1.887621011;2.569754851;1;1;1;31;college
541;2.429512707;3.369473004;1;1;1;38;hs
542;-0.778675828;0.677505293;0;1;1;42;hs
543;2.864061934;4.187194616;1;0;1;49;hs
544;3.832460507;6.79529359;1;1;0;58;hs
545;0.850942174;1.53031116;0;0;0;26;college
546;2.70336476;3.863920649;1;0;0;33;college
547;3.726144919;6.443503795;1;1;0;33;college
548;0.10809595;1.05553524;0;0;0;29;hs
549;1.548011669;2.168435271;1;0;0;46;hs
550;1.941797608;2.64031652;1;1;1;40;hs
551;4.636248391;10.15660462;1;1;1;46;college
552;1.617802457;2.245439406;1;1;1;33;college
553;3.885241536;6.977012162;1;1;1;40;college
554;1.905984303;2.593458081;1;1;1;37;hs
555;3.262160586;5.109391379;1;1;1;42;college
556;1.07646231;1.712974195;0;1;1;28;college
557;4.282411413;8.509691638;1;1;1;52;hs
558;0.851251612;1.530547946;0;0;0;22;college
559;1.624986931;2.253520062;1;0;1;49;hs
560;2.991773414;4.463292432;1;1;1;34;hs
561;2.829895701;4.1162718;1;1;1;38;college
562;1.926946931;2.620783885;1;0;1;30;college
563;1.21901004;1.839520647;0;0;0;37;hs
564;1.302776804;1.918202217;0;1;1;41;graduate
565;0.25317047;1.134946184;0;0;0;29;hs
566;1.444087601;2.058636356;1;1;1;26;college
567;1.621961546;2.250113755;1;0;0;36;college
568;0.018792052;1.009440307;0;0;0;9;graduate
569;-0.133604722;0.935380051;0;0;0;35;hs
570;4.750969206;10.75622442;1;1;1;44;college
571;1.57741432;2.200549628;1;0;0;33;hs
572;1.514690031;2.13260666;1;1;0;35;hs
573;-0.645039987;0.72432145;0;0;0;27;hs
574;-0.300593596;0.860452558;0;0;1;27;college
575;-0.380888116;0.826591998;0;0;0;21;hs
576;0.852740448;1.531687738;0;0;1;37;hs
577;0.733824967;1.443271604;0;1;1;35;hs
578;4.212636699;8.217929974;1;1;1;42;college
579;2.401875787;3.3232323;1;0;0;38;college
580;1.55538015;2.176439044;1;1;1;34;hs
581;0.80007107;1.49187771;0;0;0;41;graduate
582;2.293813097;3.148438288;1;1;1;30;hs
583;2.147673588;2.926586697;1;1;1;31;college
584;1.737648144;2.384105667;1;0;0;37;graduate
585;3.435524672;5.572046137;1;1;0;41;hs
586;1.007078069;1.654566489;0;1;1;28;hs
587;0.532725336;1.30520833;0;1;1;51;hs
588;1.135049746;1.763895778;0;0;1;38;college
589;0.260849082;1.139311965;0;0;0;35;college
590;0.569804942;1.329632344;0;0;1;34;college
591;1.722133298;2.365682702;1;1;1;37;hs
592;3.165538922;4.868420057;1;1;1;46;college
593;-0.771095451;0.680078038;0;1;1;25;graduate
594;-1.662695453;0.435462007;0;0;0;14;hs
595;0.698552626;1.418040959;0;0;0;24;hs
596;-1.562232678;0.45789456;0;0;1;30;hs
597;1.617988728;2.245648546;1;1;1;47;hs
598;3.566203036;5.948276526;1;0;0;40;college
599;1.742670899;2.390100582;1;0;0;38;hs
600;1.795528654;2.454110385;1;0;0;34;college
601;1.547930853;2.168347651;1;1;1;34;hs
602;-2.052710703;0.3583105;0;0;0;27;college
603;2.49542713;3.482371632;1;0;0;35;hs
604;1.671863842;2.306962954;1;1;1;32;hs
605;2.233846138;3.055438351;1;0;0;44;hs
606;2.095521523;2.851259315;1;1;1;30;graduate
607;1.669660932;2.304423337;1;0;0;40;hs
608;2.209999935;3.01922437;1;1;1;39;graduate
609;2.514298962;3.515386516;1;0;0;34;college
610;-0.194429605;0.907361082;0;0;0;24;college
611;3.252399224;5.084514826;1;1;0;43;college
612;0.362450642;1.198685238;0;1;1;34;graduate
613;3.119998244;4.758817068;1;1;1;45;graduate
614;-0.637700401;0.726984443;0;0;0;31;college
615;2.007269848;2.728180556;1;0;1;42;hs
616;-0.006210326;0.996899653;0;1;0;37;hs
617;0.241694332;1.128452433;0;1;1;29;hs
618;0.611908499;1.35792018;0;0;1;41;graduate
619;2.319924245;3.189812451;1;1;1;38;college
620;2.015033868;2.738791963;1;0;0;43;college
621;0.479707439;1.271063205;0;0;0;31;hs
622;3.826881157;6.776363346;1;1;1;53;college
623;1.856306288;2.529832624;1;0;1;36;college
624;0.316476137;1.171445046;0;0;1;40;college
625;0.497305156;1.282296458;0;0;1;32;college
626;1.553782278;2.174700902;1;0;0;34;hs
627;0.890259683;1.560692826;0;0;0;29;hs
628;0.88369423;1.555577898;0;0;0;39;hs
629;1.188000729;1.81121948;0;0;0;30;college
630;1.486866675;2.103143936;1;0;1;33;college
631;3.270428006;5.130555834;1;1;1;44;hs
632;2.347393738;3.233925968;1;1;1;53;hs
633;0.411209538;1.228267658;0;0;0;33;college
634;-0.736608753;0.69190655;0;0;1;31;hs
635;1.041051798;1.682912459;0;0;0;39;graduate
636;3.699301743;6.357599515;1;0;1;56;graduate
637;2.317782569;3.186398508;1;1;1;32;hs
638;4.312928068;8.640530953;1;1;1;42;hs
639;1.771958587;2.425358366;1;0;1;37;graduate
640;-0.081013588;0.96030264;0;0;1;26;hs
641;-0.340906602;0.843282469;0;0;0;33;hs
642;1.389827467;2.003536229;1;1;1;40;graduate
643;4.146491888;7.950588443;1;1;1;41;hs
644;-0.110583106;0.946209238;0;0;0;30;hs
645;0.736385879;1.445120833;0;0;1;34;hs
646;-0.320030803;0.852130665;0;1;1;22;graduate
647;2.622211982;3.710274974;1;0;1;40;hs
648;0.016825941;1.008448459;0;0;0;20;college
649;1.134852212;1.763721572;0;1;0;38;college
650;-0.494594968;0.780908351;0;1;1;31;college
651;1.445052595;2.059629882;1;1;1;34;graduate
652;-1.245349944;0.536507374;0;0;0;46;hs
653;-1.717226312;0.423749349;0;1;1;26;hs
654;3.664876192;6.249104016;1;1;0;51;hs
655;2.264954392;3.103334555;1;1;0;41;hs
656;3.778895744;6.615714952;1;1;1;51;hs
657;1.216486938;1.837201461;0;1;1;36;hs
658;2.625656881;3.716671242;1;0;0;45;hs
659;-1.140876818;0.565277562;0;0;0;37;hs
660;-1.137421021;0.566255148;0;0;0;23;hs
661;1.414279524;2.028181872;1;0;1;42;hs
662;2.308961018;3.17237497;1;1;1;32;college
663;2.418646468;3.351215896;1;0;0;33;graduate
664;2.74882429;3.952752395;1;1;1;42;college
665;2.037783992;2.770123754;1;1;1;46;hs
666;1.470771934;2.086287075;1;1;1;36;hs
667;0.452595105;1.253948725;0;1;1;27;hs
668;1.076690874;1.713169968;0;0;1;41;hs
669;4.825639251;11.16539905;1;1;1;53;college
670;-0.229825863;0.891443757;0;0;1;26;college
671;0.948444087;1.606763719;0;0;0;26;college
672;1.48995909;2.106398348;1;0;1;52;hs
673;-0.720899386;0.697362656;0;0;0;23;college
674;-0.333499437;0.846411426;0;0;0;32;hs
675;-0.133007079;0.935659604;0;0;0;25;hs
676;0.692389114;1.41367763;0;1;1;36;hs
677;2.526863847;3.537541249;1;1;1;34;college
678;1.235165232;1.854439727;0;0;0;44;hs
679;0.978216703;1.630861416;0;0;0;32;hs
680;1.8701634;2.547421574;1;0;1;40;graduate
681;3.427532659;5.549824633;1;1;1;38;graduate
682;1.205029565;1.8267068;0;1;1;33;college
683;1.072117736;1.709257162;0;1;0;24;hs
684;-0.029229048;0.98549175;0;0;1;24;college
685;-0.196532826;0.906407393;0;0;0;19;hs
686;0.019288267;1.009690788;0;0;0;24;college
687;1.809248648;2.471003452;1;1;0;29;college
688;2.486549491;3.466948268;1;1;1;44;hs
689;2.734166799;3.923889572;1;1;0;34;hs
690;0.350221237;1.191377998;0;0;0;35;hs
691;-0.83237466;0.659556704;0;0;0;23;college
692;1.005488313;1.653251834;0;1;1;33;hs
693;1.761675517;2.412920305;1;1;1;18;hs
694;-1.231327413;0.540282187;0;1;1;36;hs
695;3.094560768;4.698674202;1;1;1;36;college
696;1.273260277;1.890100758;0;0;0;33;hs
697;2.101031259;2.859124987;1;0;0;36;graduate
698;2.737965924;3.93135033;1;1;1;43;college
699;-0.344408018;0.841807419;0;1;1;28;college
700;0.939889437;1.599905745;0;0;0;30;hs
701;-0.485184817;0.784591241;0;0;0;33;hs
702;2.143205711;2.920056179;1;1;1;31;college
703;-0.058378854;0.971232469;0;0;0;17;hs
704;1.612094396;2.23903999;1;1;0;29;hs
705;3.352434576;5.345297957;1;1;1;43;hs
706;1.002671024;1.650924629;0;1;1;42;hs
707;1.713082569;2.355001311;1;1;1;35;hs
708;-0.772933549;0.6794533;0;0;0;29;hs
709;2.01410479;2.737519983;1;1;0;32;hs
710;2.440166624;3.387469939;1;1;1;41;hs
711;0.444226581;1.248712837;0;0;0;33;hs
712;1.569271175;2.191608146;1;0;0;37;hs
713;-0.556230143;0.757209683;0;0;0;22;hs
714;0.617062081;1.361423768;0;0;0;32;college
715;4.505567668;9.514184918;1;1;1;59;college
716;1.452371321;2.067180622;1;1;1;25;hs
717;1.277502194;1.894113837;0;0;0;37;hs
718;3.496622221;5.744891989;1;1;1;41;hs
719;3.166994143;4.871963661;1;1;1;45;hs
720;-0.209379492;0.900603895;0;0;0;21;college
721;0.674551742;1.40112554;0;1;1;36;hs
722;1.396706546;2.010439335;1;1;1;42;hs
723;3.42858261;5.552738919;1;1;0;33;college
724;-1.772356757;0.412228126;0;0;0;19;college
725;2.868413026;4.196313966;1;0;0;41;hs
726;1.008125689;1.655433395;0;0;0;32;college
727;0.145997603;1.075729247;0;0;0;32;college
728;2.378195308;3.284116461;1;0;1;36;graduate
729;0.990975667;1.641298724;0;0;0;33;hs
730;0.06495139;1.033008786;0;0;0;21;hs
731;0.552875886;1.318425132;0;0;0;24;hs
732;1.688214254;2.325900154;1;1;1;34;college
733;2.576882768;3.627128847;1;1;1;30;college
734;0.002212099;1.001106662;0;0;1;17;college
735;2.981728718;4.44093242;1;1;0;43;hs
736;2.438452612;3.3845681;1;0;1;37;college
737;-0.662237325;0.71811995;0;0;0;24;graduate
738;1.795592208;2.454188371;1;1;1;45;college
739;3.055396753;4.60755974;1;1;1;37;college
740;-0.323949434;0.850462707;0;0;0;38;hs
741;2.241403674;3.067005986;1;0;0;37;hs
742;-0.277535255;0.870430269;0;0;0;41;hs
743;3.038714995;4.569288474;1;1;1;47;hs
744;2.401117853;3.321973143;1;0;0;58;hs
745;0.510259949;1.290629359;0;0;0;36;hs
746;2.455246253;3.413107363;1;1;1;28;college
747;-0.483927382;0.785084683;0;0;0;28;hs
748;2.446964555;3.399003423;1;1;1;50;hs
749;1.766977999;2.419326026;1;0;0;25;hs
750;1.459573326;2.074637963;1;0;0;40;hs
751;0.737625693;1.446016951;0;0;1;39;college
752;1.068349383;1.706039652;0;0;0;30;graduate
753;-0.202881521;0.903534703;0;0;0;27;hs
754;1.301806636;1.917271953;0;0;1;32;college
755;-0.815260065;0.665224945;0;1;0;15;hs
756;1.573136464;2.195847841;1;1;1;38;hs
757;-1.669393219;0.434006135;0;0;0;31;college
758;0.785061438;1.480723351;0;0;0;29;college
759;0.697646875;1.417398909;0;0;0;35;hs
760;2.177721468;2.970887513;1;1;1;36;graduate
761;2.929542367;4.326553139;1;1;1;45;graduate
762;2.227870204;3.046322428;1;0;0;38;college
763;1.460960488;2.076077392;1;1;1;35;hs
764;2.270556275;3.112038998;1;1;1;45;college
765;2.606975022;3.682115721;1;0;1;48;college
766;1.177507717;1.80174179;0;1;1;27;college
767;1.501564352;2.118656531;1;0;1;43;graduate
768;1.330059691;1.944548556;1;1;1;42;hs
769;0.132343743;1.068410331;0;0;0;34;college
770;2.063474206;2.805935803;1;0;0;44;hs
771;1.945278007;2.644915198;1;1;1;39;graduate
772;1.249711712;1.86797668;0;1;0;39;hs
773;2.293213019;3.147493775;1;1;0;41;college
774;2.478666917;3.453310923;1;1;1;40;graduate
775;0.703090141;1.421261803;0;0;0;31;college
776;1.050394877;1.690792643;0;0;0;20;college
777;3.147632615;4.825026888;1;1;1;53;graduate
778;1.365883107;1.979692547;1;1;1;35;college
779;0.124693938;1.064331571;0;0;0;35;hs
780;1.271259;1.888210396;0;1;1;25;college
781;1.55031401;2.170932948;1;1;1;37;graduate
782;2.400532713;3.321001376;1;0;0;35;hs
783;1.433647671;2.047918344;1;0;0;34;hs
784;4.029421405;7.498557753;1;1;1;43;hs
785;1.678416912;2.314534196;1;1;1;46;graduate
786;1.018441845;1.663994309;0;0;0;35;college
787;3.357113965;5.357818965;1;0;0;43;graduate
788;2.998197606;4.477652006;1;1;1;39;hs
789;3.863906707;6.902981044;1;1;0;31;hs
790;1.143134789;1.771040796;0;1;1;33;hs
791;-0.164968892;0.92082576;0;0;0;34;college
792;1.724036565;2.367935036;1;1;1;41;college
793;0.130071503;1.067197178;0;0;0;29;hs
794;0.949373682;1.607510712;0;1;1;23;hs
795;0.545604254;1.313640285;0;0;0;36;hs
796;2.019521057;2.7449436;1;0;0;50;college
797;2.264255278;3.102249951;1;1;1;45;hs
798;3.009794769;4.503691458;1;0;0;40;college
799;2.516283148;3.518875837;1;1;1;26;college
800;-0.583332123;0.747017952;0;0;1;20;college
801;0.876677118;1.550129629;0;0;1;33;college
802;0.543605282;1.312327976;0;0;0;22;hs
803;0.932157181;1.593732247;0;0;0;26;hs
804;3.014849757;4.515088909;1;1;1;31;college
805;1.561533324;2.183145359;1;1;1;21;college
806;3.10952686;4.733966478;1;1;1;29;hs
807;1.639997325;2.270496801;1;1;1;30;hs
808;2.190798259;2.990375992;1;1;1;40;graduate
809;0.229560822;1.121627114;0;0;0;27;hs
810;-0.501711687;0.778134537;0;0;0;26;hs
811;1.411126847;2.024987289;1;0;0;39;graduate
812;-2.081320521;0.353221387;0;0;0;27;hs
813;1.679823194;2.316162212;1;0;0;31;college
814;0.738108392;1.446365988;0;0;0;31;college
815;-1.570888402;0.455917138;0;0;1;27;hs
816;0.98092355;1.633070157;0;0;0;21;graduate
817;1.865388191;2.541346594;1;1;1;32;college
818;2.745534459;3.946255795;1;0;0;44;hs
819;-0.537368744;0.764384479;0;0;0;35;hs
820;0.540873353;1.310536606;0;1;1;28;graduate
821;1.611522949;2.238400335;1;1;1;30;college
822;0.295392555;1.15916078;0;0;0;29;college
823;1.258729303;1.876418021;0;0;0;35;graduate
824;2.187388644;2.985282321;1;0;1;47;hs
825;0.55859111;1.322198068;0;0;0;30;hs
826;-0.200485826;0.904617648;0;0;0;28;college
827;3.651861801;6.208571891;1;1;1;44;graduate
828;0.723868916;1.436104814;0;1;1;29;hs
829;-0.095546316;0.953350022;0;1;1;36;hs
830;-0.071206881;0.965022907;0;0;0;27;hs
831;0.316934826;1.171713741;0;1;1;31;college
832;3.798660883;6.681419344;1;1;1;53;hs
833;0.388484439;1.214390396;0;1;1;33;college
834;0.62032473;1.363646504;0;0;1;44;hs
835;2.049609871;2.78655185;1;1;1;39;college
836;-0.262734847;0.876895523;0;0;0;26;graduate
837;3.020747434;4.528422827;1;0;1;44;hs
838;2.072822426;2.819081755;1;0;0;29;college
839;2.346887236;3.233107076;1;1;1;43;hs
840;0.188418885;1.098789855;0;1;1;37;hs
841;1.173263161;1.797922048;0;0;0;42;college
842;-2.555962962;0.278599091;0;0;0;23;graduate
843;0.38091941;1.209805623;0;0;0;28;graduate
844;3.648663324;6.198650842;1;1;0;30;college
845;1.611214999;2.238055704;1;0;0;40;college
846;0.288029793;1.154901312;0;0;0;37;hs
847;2.444962317;3.395602318;1;1;1;44;hs
848;0.362109675;1.198480899;0;1;1;33;college
849;0.025306623;1.012733703;0;0;0;37;hs
850;0.565091566;1.326502505;0;0;0;30;hs
851;1.601536874;2.227251774;1;1;1;32;hs
852;1.424682612;2.038759034;1;1;1;49;college
853;0.645071589;1.380624309;0;0;0;29;college
854;0.388587877;1.214453205;0;0;1;29;hs
855;1.089965295;1.724578456;0;0;0;34;hs
856;-0.054265776;0.973231902;0;0;0;21;college
857;1.424718345;2.038795459;1;0;0;29;hs
858;-0.956442974;0.619884885;0;1;1;23;hs
859;-0.648207985;0.723175034;0;1;1;32;college
860;2.702607913;3.862458727;1;0;1;33;hs
861;2.885979739;4.23333403;1;0;0;27;hs
862;-0.229299931;0.891678207;0;1;1;24;hs
863;-2.174272575;0.337180701;0;0;1;22;college
864;1.186481982;1.80984461;0;0;0;38;hs
865;0.67642859;1.402441007;0;0;0;34;hs
866;1.968503092;2.675808416;1;1;1;35;college
867;0.509246794;1.289975721;0;1;1;42;college
868;0.489737492;1.277453631;0;0;0;34;college
869;-0.153674454;0.926040576;0;0;1;28;graduate
870;1.979272443;2.690255637;1;1;1;33;college
871;1.635162841;2.265015088;1;0;1;39;hs
872;1.641597027;2.272313586;1;0;0;30;hs
873;2.189499616;2.988434907;1;1;1;32;hs
874;2.052075693;2.78998954;1;1;1;40;graduate
875;1.738067495;2.384605609;1;1;0;32;hs
876;2.106938471;2.867582199;1;0;0;43;hs
877;2.077644583;2.825886982;1;1;1;38;graduate
878;2.677808859;3.814861765;1;0;0;40;hs
879;2.796835004;4.048787696;1;1;1;28;college
880;2.032363496;2.762626197;1;0;0;36;college
881;0.605851205;1.35381374;0;1;1;25;hs
882;1.895000779;2.579254463;1;0;0;39;college
883;1.371375454;1.985136598;1;1;1;36;hs
884;0.297448079;1.160352733;0;0;0;44;hs
885;1.39724359;2.010979255;1;1;0;25;hs
886;1.174996956;1.799481339;0;1;1;31;college
887;-0.946218756;0.623061918;0;0;0;30;college
888;0.40082023;1.221903776;0;0;0;26;hs
889;0.32816837;1.178313507;0;0;1;36;hs
890;-0.399322304;0.819008225;0;1;1;19;college
891;0.607091509;1.354653571;0;0;1;29;college
892;-0.713530371;0.699936834;0;0;0;24;hs
893;1.267870772;1.88501426;0;1;1;41;hs
894;0.621660485;1.364557558;0;0;1;26;college
895;3.669622875;6.263952888;1;1;1;36;college
896;0.725035032;1.43694239;0;0;1;28;graduate
897;-0.080959108;0.960328799;0;1;1;27;hs
898;1.556873336;2.178064565;1;1;1;35;hs
899;0.938495379;1.598790954;0;1;1;38;hs
900;1.162585485;1.788348811;0;1;1;28;graduate
901;2.44836373;3.401382155;1;1;0;17;hs
902;1.928253;2.622495906;1;1;1;42;college
903;-0.058839312;0.971008889;0;0;1;31;college
904;0.655423123;1.387788623;0;0;1;29;hs
905;3.791004784;6.655891431;1;0;1;52;hs
906;0.870867591;1.545633402;0;0;0;35;hs
907;1.775657789;2.429848462;1;1;1;36;hs
908;2.227850185;3.046291936;1;0;0;33;hs
909;2.542202468;3.564776053;1;1;1;44;hs
910;2.482647132;3.460190225;1;1;1;30;college
911;1.774980611;2.429025882;1;1;1;37;hs
912;1.270203363;1.887214026;0;1;1;18;college
913;2.633290068;3.73088337;1;0;0;42;hs
914;3.206242309;4.968515754;1;0;0;37;hs
915;1.568882838;2.191182646;1;1;0;23;hs
916;0.071405111;1.036347545;0;0;1;48;graduate
917;1.001946793;1.650326911;0;0;0;37;graduate
918;0.708743594;1.425285004;0;0;0;46;college
919;2.600988653;3.671110947;1;1;1;35;college
920;-0.31209821;0.855517179;0;0;0;27;college
921;0.840804453;1.522573852;0;0;1;36;hs
922;1.251397072;1.86955145;0;0;0;34;hs
923;-0.966527561;0.616767111;0;0;0;29;college
924;0.298287147;1.160839643;0;0;0;29;college
925;3.643026438;6.181204894;1;1;1;36;hs
926;0.600923378;1.350482166;0;0;1;45;hs
927;3.295430262;5.195096141;1;1;1;33;college
928;-0.595072253;0.742645753;0;0;1;18;graduate
929;1.860031246;2.534548775;1;0;0;22;graduate
930;1.444189402;2.058741144;1;0;0;41;hs
931;2.412093003;3.340252829;1;1;1;33;hs
932;-0.417778542;0.811485086;0;0;0;25;college
933;-0.211507582;0.899646122;0;0;0;35;hs
934;3.497430338;5.747213733;1;1;1;38;graduate
935;0.989866735;1.640388932;0;0;0;39;hs
936;1.793912057;2.452127533;1;0;0;41;college
937;0.142764615;1.073991742;0;0;1;39;graduate
938;0.838692251;1.520966709;0;1;1;27;hs
939;4.610346497;10.02591508;1;1;1;43;hs
940;0.053876201;1.027304211;0;0;0;39;hs
941;0.404402269;1.224094191;0;0;0;38;hs
942;2.906798304;4.277630146;1;1;0;35;hs
943;2.041472316;2.775237026;1;0;0;37;college
944;1.949461407;2.650453357;1;0;0;47;hs
945;2.756400693;3.967754614;1;1;0;40;hs
946;0.983091541;1.634841358;0;0;0;32;hs
947;2.614211569;3.695462755;1;1;0;33;hs
948;2.499119233;3.488806207;1;1;1;27;college
949;-1.099404937;0.577121497;0;0;0;23;hs
950;1.909472277;2.597984985;1;1;1;41;hs
951;1.274863214;1.891616221;0;0;0;33;hs
952;0.61257158;1.35837046;0;0;0;41;college
953;0.657164233;1.388997295;0;1;1;42;hs
954;2.660879256;3.782706005;1;0;0;37;hs
955;-0.103323866;0.949649858;0;0;0;23;graduate
956;3.124724202;4.770075348;1;0;0;44;graduate
957;0.360525019;1.197531685;0;0;0;47;hs
958;0.765374871;1.46621967;0;1;1;33;college
959;0.23500805;1.124686157;0;0;0;26;college
960;1.273520709;1.890346895;0;0;0;26;college
961;-0.415225435;0.812521651;0;0;0;33;graduate
962;2.787320387;4.029572108;1;1;0;39;hs
963;1.136275273;1.76497696;0;0;0;45;hs
964;1.292814066;1.908670703;0;1;0;23;hs
965;2.951996663;4.375401696;1;1;1;36;hs
966;1.974683426;2.6840899;1;1;1;41;hs
967;0.727867849;1.43897913;0;0;0;46;hs
968;1.036353274;1.678963497;0;0;1;40;college
969;0.120764991;1.062242772;0;0;1;34;hs
970;-0.367863763;0.831992476;0;0;0;28;hs
971;1.19479918;1.8173867;0;1;1;38;hs
972;0.98450431;1.635996592;0;0;0;30;college
973;0.90586885;1.572921039;0;1;1;45;hs
974;4.325915881;8.696824337;1;1;1;44;college
975;1.000725702;1.64931962;0;0;0;24;hs
976;1.554590616;2.175580027;1;0;0;50;hs
977;0.821609009;1.508030515;0;1;1;39;hs
978;-0.15017391;0.927662818;0;0;0;34;college
979;1.770471261;2.423555388;1;0;0;35;graduate
980;0.494079963;1.280230297;0;1;1;32;hs
981;0.391129836;1.215997732;0;1;1;32;college
982;0.112844983;1.058044604;0;0;0;34;hs
983;1.629968917;2.259140561;1;1;1;35;graduate
984;1.527640001;2.146460058;1;0;0;35;hs
985;1.290044662;1.906029592;0;0;0;46;hs
986;2.743314751;3.941878458;1;1;0;37;college
987;2.278279103;3.1240791;1;1;1;44;hs
988;2.976668942;4.429711558;1;1;1;42;college
989;1.942923519;2.641803319;1;1;0;32;college
990;1.254794093;1.872729602;0;1;1;41;hs
991;1.944928425;2.644452931;1;1;1;38;college
992;1.358809429;1.972703061;1;0;1;36;college
993;2.951217789;4.373698084;1;0;0;31;college
994;1.181742337;1.805560678;0;1;1;33;graduate
995;1.840959207;2.510494144;1;0;0;44;college
996;-0.309171102;0.856770192;0;0;0;37;college
997;3.684954965;6.312157163;1;1;1;46;college
998;1.154920298;1.781507915;0;0;0;23;college
999;3.068588804;4.638051776;1;0;0;34;graduate
1000;3.590980922;6.022427764;1;1;1;37;graduate
1001;2.282221989;3.130244118;1;1;1;33;graduate
1002;0.640275044;1.377317163;0;1;0;20;college
1003;0.703977716;1.421892681;0;0;0;31;hs
1004;1.034340523;1.67727468;0;1;1;33;hs
1005;2.202422599;3.007807173;1;1;1;34;college
1006;1.671703422;2.30677792;1;1;1;27;graduate
1007;1.171536044;1.796370108;0;0;0;35;hs
1008;0.242062905;1.128660411;0;1;1;25;college
1009;-0.352190698;0.838538026;0;0;0;28;hs
1010;0.030606952;1.015421174;0;0;0;37;graduate
1011;-0.923259249;0.630255728;0;0;0;27;hs
1012;-0.033809212;0.983237475;0;1;1;33;college
1013;1.16211793;1.787930785;0;1;1;35;hs
1014;3.803712275;6.698315907;1;1;1;47;hs
1015;1.455712886;2.070637318;1;1;1;41;graduate
1016;0.505589343;1.287618865;0;0;0;32;hs
1017;-0.715271239;0.69932785;0;0;0;32;hs
1018;0.299616549;1.161611511;0;0;0;20;college
1019;2.54505741;3.569868301;1;0;0;38;hs
1020;2.671686598;3.803201831;1;1;1;26;college
1021;2.187336979;2.985205204;1;1;1;44;hs
1022;0.676662347;1.402604932;0;0;0;33;hs
1023;0.469287426;1.264458178;0;1;0;33;hs
1024;3.961162137;7.246952737;1;1;1;44;graduate
1025;3.745827777;6.507230143;1;1;1;34;college
1026;1.045848246;1.686953303;0;0;0;40;hs
1027;0.947120571;1.605700782;0;0;0;40;hs
1028;2.110992806;2.873401165;1;0;0;45;hs
1029;0.157882459;1.082140722;0;0;0;35;graduate
1030;0.677538161;1.403219277;0;0;1;33;hs
1031;-1.653582105;0.437450793;0;0;0;33;college
1032;1.107466953;1.739736172;0;1;1;41;college
1033;0.679134702;1.404339873;0;1;1;36;hs
1034;3.14701785;4.823543987;1;0;0;28;hs
1035;0.865031043;1.541129396;0;0;1;49;hs
1036;1.027758401;1.67176374;0;0;0;30;graduate
1037;1.725230765;2.369349352;1;0;0;49;college
1038;1.814578909;2.477597782;1;1;0;35;college
1039;-0.108334867;0.947273488;0;0;1;42;hs
1040;1.828498726;2.494901783;1;1;1;31;hs
1041;-1.051252747;0.591184946;0;0;1;29;college
1042;-0.187154771;0.910667542;0;0;0;27;graduate
1043;0.590300123;1.343327925;0;0;0;29;hs
1044;-2.63256083;0.268130785;0;0;0;20;hs
1045;0.939190747;1.599346924;0;0;1;40;graduate
1046;0.913212045;1.578706787;0;1;1;28;college
1047;1.053018027;1.693011699;0;1;1;31;hs
1048;3.582128674;5.995830656;1;1;0;36;college
1049;2.252206227;3.083616552;1;1;1;40;graduate
1050;0.910673487;1.576704238;0;0;0;32;hs
1051;0.83221401;1.516048085;0;1;1;36;hs
1052;0.750233824;1.455161531;0;1;1;28;graduate
1053;0.690244806;1.412162762;0;0;0;31;hs
1054;3.646718039;6.192624701;1;1;1;50;hs
1055;1.173594396;1.798219841;0;0;1;48;graduate
1056;0.938005947;1.598399751;0;0;0;35;hs
1057;0.510042611;1.290489115;0;1;0;30;hs
1058;3.527168765;5.833308778;1;0;0;50;college
1059;1.228657328;1.848415275;0;0;0;24;college
1060;-0.173925148;0.916711404;0;0;0;32;hs
1061;-0.873600922;0.646100341;0;1;0;23;college
1062;1.812283303;2.47475562;1;0;0;30;graduate
1063;1.979473829;2.690526541;1;0;1;59;hs
1064;3.387721734;5.440445042;1;0;1;51;college
1065;2.623950614;3.713501778;1;1;1;34;college
1066;0.341508498;1.186199204;0;1;1;23;hs
1067;1.660258464;2.29361513;1;1;0;31;hs
1068;1.707841109;2.348837569;1;0;0;36;college
1069;-0.622481423;0.732537525;0;0;0;31;hs
1070;0.669780328;1.39778685;0;1;1;37;hs
1071;0.168794118;1.088060832;0;1;1;43;hs
1072;1.204224369;1.825971519;0;0;0;36;hs
1073;2.140930782;2.916736606;1;0;0;37;hs
1074;1.561739983;2.183370954;1;0;0;38;hs
1075;0.738765655;1.446841388;0;0;0;23;college
1076;1.217201405;1.837857888;0;0;1;34;graduate
1077;1.078560617;1.714772311;0;0;0;34;hs
1078;2.016418015;2.740688065;1;1;1;33;hs
1079;1.015203451;1.661302154;0;0;0;29;hs
1080;3.528622428;5.837550149;1;1;1;41;college
1081;1.93076949;2.625797724;1;0;0;34;graduate
1082;1.975566882;2.685275798;1;1;1;35;college
1083;2.829056458;4.114544884;1;1;1;45;hs
1084;1.826480644;2.492385594;1;1;1;33;hs
1085;0.016141545;1.008103429;0;0;0;33;hs
1086;-0.877594555;0.644811484;0;0;0;32;college
1087;2.020359758;2.746094936;1;0;0;42;college
1088;2.865005557;4.18917065;1;0;0;43;hs
1089;3.132492097;4.788638094;1;1;1;35;college
1090;0.530290546;1.303620343;0;1;1;22;hs
1091;-0.324000115;0.850441156;0;1;1;35;hs
1092;-2.323656071;0.312913641;0;0;0;16;hs
1093;4.225055303;8.269116334;1;1;1;37;graduate
1094;1.905781113;2.593194612;1;0;1;47;college
1095;0.944190239;1.603349886;0;0;0;28;college
1096;-0.110975453;0.946023635;0;0;0;28;hs
1097;3.182706648;4.910389781;1;1;1;37;graduate
1098;2.126545188;2.895832383;1;1;1;32;hs
1099;-0.706988203;0.702230135;0;0;0;22;college
1100;0.993910594;1.643709038;0;0;0;23;college
1101;2.04128307;2.774974436;1;1;1;36;college
1102;1.169497253;1.794539829;0;1;0;29;hs
1103;0.332228032;1.180707714;0;0;0;27;college
1104;3.030258172;4.550008431;1;0;0;48;graduate
1105;1.632362865;2.261846313;1;1;0;34;college
1106;-0.288853297;0.865518397;0;1;1;36;hs
1107;0.322435288;1.17494066;0;0;0;26;hs
1108;-0.080902912;0.960355783;0;0;0;28;hs
1109;3.238176259;5.048484653;1;1;1;40;hs
1110;1.249966283;1.868214461;0;0;0;44;hs
1111;1.979542543;2.690618981;1;1;1;15;college
1112;-0.71288222;0.700163703;0;0;0;32;hs
1113;0.110410965;1.056757737;0;0;0;36;hs
1114;4.637513887;10.16303323;1;1;1;33;college
1115;1.465842701;2.081151509;1;1;0;32;college
1116;-0.474812316;0.788670898;0;0;0;24;hs
1117;3.373885622;5.402937628;1;1;1;44;graduate
1118;1.701303406;2.341172104;1;0;0;40;hs
1119;3.028578653;4.546189123;1;1;1;36;hs
1120;-0.083205926;0.959250563;0;0;0;26;college
1121;2.936461763;4.34154763;1;0;1;46;graduate
1122;0.762826564;1.464352671;0;0;0;39;hs
1123;1.687460061;2.32502323;1;0;0;36;hs
1124;0.212393235;1.112040502;0;0;1;24;college
1125;0.943134176;1.602503491;0;1;1;24;hs
1126;1.237688575;1.856780897;0;1;1;27;hs
1127;1.327441392;1.942004517;0;0;0;52;graduate
1128;0.933791379;1.595035016;0;0;0;33;graduate
1129;-0.614042926;0.735634812;0;0;0;30;hs
1130;1.690981959;2.329121085;1;1;1;21;college
1131;1.849732175;2.521530573;1;1;0;26;college
1132;2.819698866;4.095338735;1;1;1;37;college
1133;2.91311531;4.291162414;1;0;1;46;graduate
1134;1.969767474;2.677500571;1;1;1;42;college
1135;-0.418684842;0.811117444;0;0;0;26;hs
1136;3.176005777;4.893965368;1;0;0;37;hs
1137;1.055595049;1.69519457;0;0;1;36;hs
1138;-0.258927198;0.878566568;0;1;1;38;hs
1139;-0.324006049;0.850438632;0;0;0;34;college
1140;0.361876187;1.198340992;0;1;1;19;college
1141;1.023066293;1.667846288;0;1;1;45;hs
1142;2.423708632;3.359708842;1;1;0;39;hs
1143;2.13013365;2.90103284;1;1;1;46;hs
1144;1.580411711;2.203850054;1;0;0;36;college
1145;4.030055758;7.500936498;1;1;1;52;graduate
1146;-0.554676292;0.757798207;0;1;1;35;hs
1147;0.866194063;1.542025838;0;0;0;21;graduate
1148;4.019797184;7.462560545;1;1;1;39;hs
1149;1.360960137;1.974825556;1;0;0;35;hs
1150;2.052549739;2.790650909;1;0;0;34;graduate
1151;1.338064696;1.952347213;1;1;1;28;hs
1152;2.585925693;3.643565905;1;0;0;36;graduate
1153;-0.236715977;0.888377967;0;0;0;16;hs
1154;1.988436957;2.702611367;1;1;1;45;college
1155;-0.210335967;0.900173296;0;0;0;31;college
1156;3.467450857;5.661706952;1;1;1;37;college
1157;2.672711315;3.805150933;1;0;1;35;college
1158;1.662807886;2.29654069;1;1;1;36;hs
1159;0.951347748;1.609098161;0;0;0;38;hs
1160;1.202774389;1.824648188;0;0;0;36;hs
1161;-0.642206511;0.725348351;0;0;0;29;college
1162;1.09374605;1.727841644;0;0;0;38;hs
1163;2.793948077;4.042947634;1;1;1;41;hs
1164;1.189964195;1.812998487;0;0;0;24;college
1165;0.189382755;1.099319528;0;1;1;26;college
1166;0.917360069;1.581984441;0;0;0;25;hs
1167;-0.22840077;0.892079179;0;0;0;26;college
1168;1.520191243;2.138480695;1;1;0;33;hs
1169;1.353749322;1.967718325;1;1;1;35;college
1170;-0.86905354;0.647571045;0;1;1;32;college
1171;1.939703217;2.63755304;1;1;1;32;hs
1172;2.78515024;4.025202098;1;1;0;41;hs
1173;2.557370748;3.591914596;1;1;1;46;hs
1174;4.270164159;8.457740684;1;1;0;44;hs
1175;1.638217379;2.268477018;1;1;1;28;college
1176;0.838538192;1.520849554;0;1;1;30;graduate
1177;2.573671387;3.621309474;1;1;1;38;college
1178;1.580730715;2.204201601;1;1;1;24;hs
1179;0.247514714;1.131741228;0;1;1;34;hs
1180;1.816243903;2.479661234;1;0;0;29;hs
1181;3.218024951;4.997873269;1;0;0;50;hs
1182;0.813854865;1.502195092;0;0;0;33;hs
1183;0.966112674;1.621021226;0;0;0;33;hs
1184;2.937426837;4.343643095;1;0;0;43;graduate
1185;1.337443162;1.951740583;1;0;1;35;hs
1186;1.83360157;2.501275458;1;0;0;38;hs
1187;0.484491045;1.274106976;0;1;1;41;hs
1188;1.229532732;1.849224507;0;1;1;40;hs
1189;2.237683915;3.061307026;1;1;1;42;college
1190;0.405456306;1.224739481;0;0;1;36;hs
1191;1.248769807;1.867097159;0;0;0;24;college
1192;1.439436601;2.053854559;1;1;1;37;hs
1193;0.89726637;1.566170057;0;0;0;35;hs
1194;2.581368324;3.635272821;1;1;1;35;hs
1195;-1.673661436;0.433080906;0;0;0;29;hs
1196;1.125379789;1.755387964;0;1;0;29;hs
1197;2.222072085;3.037503748;1;1;1;48;hs
1198;-2.398539359;0.30141426;0;0;1;22;college
1199;2.619111266;3.704527178;1;0;0;45;hs
1200;1.423319648;2.03737013;1;0;0;30;graduate
1201;1.749367421;2.398116675;1;1;1;35;college
1202;0.07589755;1.038678025;0;0;0;30;hs
1203;0.279893782;1.150212711;0;0;1;18;college
1204;3.309856055;5.232703299;1;0;0;32;college
1205;1.875377279;2.554071212;1;0;1;44;hs
1206;0.866622436;1.542356155;0;0;1;43;hs
1207;1.445513913;2.060105009;1;1;0;37;college
1208;1.441514752;2.055989779;1;0;1;33;college
1209;3.432348934;5.563205478;1;1;1;43;college
1210;1.446862149;2.061494231;1;1;1;39;hs
1211;2.506453824;3.501624179;1;0;0;29;college
1212;2.0094092;2.731100387;1;1;1;41;college
1213;3.818329698;6.747451305;1;1;0;44;college
1214;1.857034612;2.530754061;1;0;1;32;hs
1215;0.729066803;1.439842023;0;0;1;26;hs
1216;2.741118094;3.937551356;1;1;1;49;graduate
1217;2.166793238;2.954698512;1;0;0;49;college
1218;1.508926866;2.126470224;1;1;0;25;hs
1219;-1.717226777;0.423749251;0;0;0;21;hs
1220;1.822284594;2.48716199;1;0;1;38;hs
1221;0.702587832;1.420904891;0;0;1;36;graduate
1222;0.707500699;1.42439954;0;0;0;30;college
1223;2.681462981;3.821838121;1;1;0;49;college
1224;2.276915475;3.121949785;1;1;1;42;college
1225;1.963776715;2.669492442;1;1;1;38;hs
1226;3.81149048;6.724417065;1;1;1;37;college
1227;0.328880499;1.178733137;0;0;0;14;college
1228;1.003470331;1.651584558;0;1;1;32;college
1229;0.854543931;1.533069547;0;1;0;25;hs
1230;0.354940662;1.194192627;0;0;1;36;college
1231;2.267321989;3.107010452;1;0;0;31;hs
1232;1.063660175;1.70204435;0;0;0;25;hs
1233;-0.996466817;0.607603099;0;0;0;35;hs
1234;3.833246137;6.797963408;1;1;1;54;college
1235;0.861211181;1.538188754;0;1;1;32;hs
1236;3.476876188;5.688451653;1;0;0;43;hs
1237;-0.473884093;0.789037014;0;0;1;34;hs
1238;0.866797709;1.542491328;0;0;1;27;college
1239;2.678891828;3.816928013;1;1;1;43;hs
1240;1.132077849;1.761276666;0;1;1;36;graduate
1241;1.518555236;2.136732126;1;1;1;47;hs
1242;1.122477172;1.752842202;0;1;1;41;hs
1243;3.440922521;5.587104982;1;1;0;33;college
1244;3.649790474;6.20214523;1;1;1;41;college
1245;1.029729214;1.673411918;0;1;1;21;college
1246;0.057275518;1.029051762;0;0;1;37;hs
1247;1.577597372;2.200751045;1;1;1;35;graduate
1248;0.080198194;1.040913921;0;0;0;28;hs
1249;1.152043596;1.778947323;0;1;1;37;hs
1250;0.135378649;1.070032824;0;1;1;31;hs
1251;4.269897105;8.456611424;1;1;0;33;hs
1252;1.172377043;1.797125639;0;0;0;36;graduate
1253;0.392044459;1.216553948;0;1;1;36;graduate
1254;-0.595704978;0.742410846;0;0;1;34;hs
1255;0.87527981;1.549047003;0;0;0;41;hs
1256;1.896407044;2.581068659;1;1;1;32;college
1257;-1.223826131;0.542312397;0;1;1;29;college
1258;0.905538753;1.572661452;0;1;1;19;hs
1259;1.456048258;2.070984564;1;1;1;24;graduate
1260;2.834368667;4.125488074;1;1;1;33;hs
1261;1.182767135;1.806486083;0;0;1;40;hs
1262;1.082011405;1.717733523;0;1;1;43;college
1263;1.497448093;2.114300545;1;1;1;28;college
1264;0.502645458;1.285724958;0;1;1;37;graduate
1265;3.406458429;5.491652513;1;1;1;47;college
1266;1.863924096;2.539486888;1;0;0;43;college
1267;2.747737919;3.950605899;1;1;1;34;college
1268;2.359929972;3.254260256;1;0;0;47;hs
1269;-1.524652665;0.466579744;0;0;0;22;hs
1270;2.484724822;3.463786694;1;0;0;35;college
1271;0.85633323;1.534441721;0;0;0;45;hs
1272;1.068745365;1.706377466;0;1;1;30;college
1273;1.231945662;1.851456879;0;1;1;24;college
1274;2.344490979;3.229235718;1;1;0;33;hs
1275;0.43161633;1.240864315;0;0;0;25;hs
1276;2.934641552;4.337598163;1;0;0;21;graduate
1277;-1.914706189;0.38390771;0;0;0;20;hs
1278;3.158065179;4.850261347;1;1;0;31;hs
1279;3.381656499;5.423971246;1;0;0;36;hs
1280;4.88454495;11.49914259;1;1;1;47;hs
1281;4.660953656;10.28284351;1;1;1;44;hs
1282;0.486868864;1.275622675;0;1;1;33;college
1283;0.029060597;1.014636376;0;1;0;22;graduate
1284;3.225885008;5.017553699;1;0;0;46;hs
1285;-0.144528571;0.930285002;0;0;1;32;college
1286;3.141742997;4.810839007;1;1;1;51;hs
1287;0.256199588;1.136666429;0;0;0;28;college
1288;1.062428224;1.700996255;0;0;0;34;college
1289;3.090025432;4.688031241;1;1;0;46;hs
1290;2.338179733;3.219061529;1;1;1;40;hs
1291;1.588133135;2.21237493;1;0;0;39;graduate
1292;-0.830056668;0.660321571;0;0;1;37;hs
1293;-0.118215211;0.942605334;0;0;0;22;college
1294;0.196225348;1.103087067;0;0;0;32;college
1295;0.844184337;1.525149089;0;0;0;28;college
1296;-0.683800922;0.710418915;0;0;0;39;hs
1297;0.040111239;1.020258085;0;0;1;44;graduate
1298;-1.342660646;0.511028293;0;1;1;14;graduate
1299;0.43597495;1.243571492;0;1;1;44;college
1300;1.227975365;1.847785108;0;0;0;31;hs
1301;-0.05893773;0.970961108;0;0;0;26;college
1302;2.519574812;3.524672083;1;1;1;36;college
1303;1.364908341;1.978727914;1;1;1;41;college
1304;0.757637356;1.46055818;0;0;0;31;hs
1305;3.491856046;5.731217711;1;0;1;44;graduate
1306;-0.209970597;0.900337759;0;1;1;29;college
1307;0.86888914;1.544105178;0;1;1;29;hs
1308;0.552897779;1.318439565;0;0;0;28;graduate
1309;1.089223691;1.723939098;0;0;0;39;college
1310;0.662303967;1.392571424;0;1;0;28;college
1311;-0.182089567;0.912976824;0;0;0;27;hs
1312;1.371176249;1.984938883;1;0;0;27;college
1313;1.329023145;1.943541011;0;0;1;34;college
1314;-0.537090392;0.76449087;0;0;0;18;hs
1315;2.531002784;3.54486966;1;0;0;35;college
1316;0.997016023;1.646263232;0;0;0;31;college
1317;1.06629198;1.704285549;0;1;1;42;hs
1318;0.41556262;1.230943945;0;0;1;33;hs
1319;2.225202275;3.042261451;1;0;0;39;college
1320;-0.464461449;0.792763192;0;0;1;25;hs
1321;0.45257078;1.253933475;0;0;0;34;hs
1322;-0.967880748;0.616349951;0;0;0;24;hs
1323;1.297183247;1.912844925;0;0;0;46;college
1324;-0.413375293;0.813273639;0;0;0;11;hs
1325;0.696860699;1.416841856;0;0;0;36;graduate
1326;2.592546108;3.65564685;1;1;0;35;hs
1327;-3.014425763;0.221526539;0;0;0;29;hs
1328;0.730091485;1.440579903;0;1;1;33;graduate
1329;0.866495844;1.542258533;0;0;1;33;hs
1330;1.963592697;2.669246835;1;0;1;42;hs
1331;2.358187123;3.251425649;1;1;1;40;hs
1332;-0.829645083;0.660457474;0;0;0;32;college
1333;3.084788098;4.675770907;1;0;0;34;college
1334;-0.176075266;0.915726414;0;0;0;31;college
1335;1.742148722;2.389476636;1;1;1;33;college
1336;2.948891104;4.368612932;1;1;1;35;graduate
1337;0.735349356;1.444372077;0;1;1;30;college
1338;1.779807048;2.434894731;1;0;1;37;college
1339;3.686348105;6.316555555;1;1;1;37;graduate
1340;3.330140075;5.286043459;1;1;1;32;college
1341;0.822033076;1.508350302;0;0;0;33;college
1342;-0.647200549;0.723539402;0;0;0;37;hs
1343;2.9195539;4.304999191;1;1;0;43;college
1344;2.325415228;3.198582087;1;1;0;41;college
1345;0.997420655;1.646596331;0;1;0;28;hs
1346;4.172394657;8.054229268;1;1;1;42;college
1347;0.006676856;1.003344007;0;1;0;19;graduate
1348;0.357976819;1.196006882;0;0;0;26;hs
1349;2.495437697;3.482390031;1;1;1;44;hs
1350;1.386577231;2.00028289;1;1;0;19;college
1351;4.179375015;8.082389082;1;1;1;48;college
1352;2.186043443;2.983275093;1;1;1;34;graduate
1353;0.931808163;1.59345415;0;0;0;34;hs
1354;1.571247404;2.193774776;1;0;0;29;college
1355;0.474359442;1.267668924;0;0;0;18;hs
1356;3.15677929;4.847143902;1;1;1;27;hs
1357;2.67651586;3.812396256;1;0;0;31;hs
1358;2.312542002;3.178060169;1;1;0;36;college
1359;-0.900021735;0.637621222;0;0;0;29;graduate
1360;-0.631147539;0.729370264;0;0;1;32;graduate
1361;2.996596916;4.474069773;1;1;1;40;hs
1362;0.179046235;1.093652615;0;0;0;30;college
1363;-0.53797559;0.764152582;0;0;1;25;college
1364;4.140639865;7.927358932;1;1;1;40;college
1365;2.407899327;3.333256197;1;0;0;32;college
1366;1.074534876;1.711324168;0;0;0;41;hs
1367;1.686325091;2.323704188;1;0;0;41;college
1368;2.754839102;3.96465782;1;1;1;38;college
1369;0.218264455;1.115309815;0;1;1;53;hs
1370;1.186075888;1.809477165;0;1;1;37;graduate
1371;2.981151252;4.439650363;1;1;1;41;college
1372;-0.306132137;0.858073028;0;0;0;23;college
1373;2.751891579;3.958819162;1;0;0;34;hs
1374;2.078916202;2.82768428;1;1;1;33;college
1375;4.092441452;7.738599483;1;1;1;42;hs
1376;0.514957265;1.293664169;0;0;0;29;college
1377;1.468212607;2.083619037;1;0;0;34;hs
1378;0.922228147;1.585839743;0;0;0;49;hs
1379;2.033714583;2.764493102;1;1;1;35;hs
1380;0.914810061;1.57996869;0;0;1;40;hs
1381;2.975019973;4.426060836;1;0;0;46;hs
1382;0.505492592;1.287556577;0;0;1;38;hs
1383;1.095738776;1.72956406;0;0;0;27;hs
1384;1.484587559;2.100748647;1;1;1;21;college
1385;2.297176673;3.153737749;1;0;0;38;hs
1386;0.124856071;1.064417856;0;0;0;21;hs
1387;2.482969383;3.460747795;1;1;1;29;hs
1388;2.928981517;4.325340037;1;1;1;37;college
1389;5.020403763;12.30741445;1;1;0;48;college
1390;3.476171701;5.686448288;1;1;1;43;graduate
1391;0.519379676;1.29652789;0;0;0;25;college
1392;-0.320636732;0.851872539;0;0;0;28;hs
1393;1.636732902;2.266793892;1;1;1;37;college
1394;1.799770899;2.459321378;1;0;0;28;college
1395;-0.356347966;0.836796822;0;0;1;36;college
1396;1.222346831;1.842592257;0;0;0;38;hs
1397;0.462126883;1.259939169;0;0;1;39;college
1398;2.352679724;3.242484517;1;1;1;40;hs
1399;1.483594728;2.099706061;1;0;0;35;hs
1400;0.78626775;1.481616727;0;0;1;32;college
1401;1.667441684;2.301867712;1;1;1;29;college
1402;1.554028341;2.174968476;1;1;1;30;graduate
1403;0.496637933;1.28186874;0;0;0;29;hs
1404;1.156637021;1.783037749;0;0;0;32;graduate
1405;4.082392806;7.699815772;1;0;0;51;hs
1406;-1.038843004;0.594864577;0;0;0;23;hs
1407;0.891513646;1.561671658;0;0;1;27;hs
1408;1.015531562;1.661574723;0;0;0;37;hs
1409;4.433070386;9.175484442;1;1;1;34;college
1410;1.438167007;2.052551193;1;0;0;36;college
1411;2.228361007;3.047070093;1;0;0;47;hs
1412;1.162159382;1.787967842;0;0;0;38;hs
1413;3.48170476;5.702201794;1;1;1;44;graduate
1414;-0.026460902;0.986856687;0;0;1;23;hs
1415;2.327716313;3.202264311;1;1;1;38;hs
1416;1.491980573;2.108528448;1;0;1;41;graduate
1417;-0.458170715;0.795260649;0;1;1;28;college
1418;2.062695837;2.804843989;1;0;0;41;college
1419;0.168649338;1.08798207;0;0;1;42;hs
1420;2.609339042;3.686470591;1;1;1;45;college
1421;-0.929251132;0.628370344;0;0;0;19;college
1422;0.97914862;1.631621507;0;0;0;29;hs
1423;3.30083652;5.209158154;1;0;0;43;college
1424;3.422025071;5.534562582;1;1;0;35;graduate
1425;0.720349409;1.433579846;0;0;0;22;hs
1426;1.735978666;2.382116392;1;0;0;37;college
1427;-0.098858174;0.951772649;0;0;1;38;hs
1428;2.421736077;3.356396869;1;1;1;31;hs
1429;1.599264654;2.224722807;1;1;1;25;hs
1430;1.603073839;2.228964036;1;1;0;43;hs
1431;1.285441593;1.901647844;0;0;0;37;college
1432;-0.492971834;0.781542368;0;0;1;30;hs
1433;-0.009760342;0.995131718;0;1;1;24;college
1434;1.25410067;1.872080417;0;0;1;40;hs
1435;1.544372755;2.164493484;1;0;0;34;hs
1436;1.332657914;1.947076383;1;1;1;36;college
1437;0.533206666;1.305522486;0;1;1;28;hs
1438;1.20509109;1.826762994;0;0;0;44;hs
1439;1.60026503;2.225835865;1;0;0;38;hs
1440;-1.341852506;0.511234826;0;0;0;24;college
1441;-0.405467203;0.816495726;0;0;0;30;hs
1442;-0.254915683;0.880330529;0;0;0;21;hs
1443;-0.263744803;0.876452822;0;0;0;31;college
1444;-0.029469635;0.985373209;0;0;1;42;hs
1445;1.416308503;2.030240485;1;0;0;49;college
1446;0.176387091;1.092199492;0;0;0;36;hs
1447;0.12284703;1.063349163;0;0;0;26;hs
1448;2.22955109;3.048883766;1;0;1;46;hs
1449;1.278742956;1.895289274;0;0;0;31;hs
1450;0.973242164;1.626810065;0;1;1;35;hs
1451;2.089899925;2.843256251;1;1;0;38;hs
1452;0.981371385;1.633435871;0;0;0;27;graduate
1453;0.036212305;1.018271063;0;1;1;36;college
1454;0.713651217;1.42878668;0;0;0;27;college
1455;3.487373556;5.718387031;1;1;1;45;graduate
1456;0.488506602;1.276667671;0;0;0;30;hs
1457;1.256858197;1.874663353;0;1;0;34;college
1458;-1.233009203;0.539828058;0;0;0;22;hs
1459;0.694078961;1.414872584;0;1;1;33;hs
1460;0.415771423;1.231072464;0;0;1;28;college
1461;1.492081385;2.108634733;1;1;1;40;hs
1462;0.529921827;1.30338003;0;0;0;41;hs
1463;3.485641918;5.713438086;1;1;1;50;hs
1464;-1.65059021;0.438105686;0;0;0;23;college
1465;4.697503445;10.47248899;1;0;0;34;hs
1466;1.547400476;2.167772706;1;1;1;36;hs
1467;1.494259265;2.110932161;1;0;0;37;hs
1468;2.408486943;3.334235679;1;1;1;30;graduate
1469;1.015526173;1.661570246;0;0;0;27;hs
1470;1.342820341;1.956995072;1;1;1;35;college
1471;1.143586167;1.771440546;0;0;0;33;college
1472;2.116322133;2.881068023;1;0;0;41;graduate
1473;-0.072082474;0.964600515;0;0;0;42;graduate
1474;2.607398032;3.682894589;1;1;0;22;college
1475;1.655281483;2.287914586;1;0;0;41;hs
1476;1.332956227;1.947366824;1;1;1;35;hs
1477;2.891005242;4.243984723;1;1;1;50;hs
1478;1.510552918;2.128199802;1;0;0;42;hs
1479;1.698922266;2.338386433;1;1;1;39;hs
1480;0.491389324;1.278509136;0;1;1;45;graduate
1481;1.148848095;1.776107279;0;0;0;31;hs
1482;4.018119547;7.456303435;1;1;1;58;college
1483;1.514288312;2.132178349;1;1;1;36;hs
1484;-1.581019005;0.453613619;0;0;0;20;college
1485;-0.494399712;0.780984593;0;0;0;30;hs
1486;2.140510849;2.916124255;1;0;1;43;graduate
1487;2.645045964;3.752877887;1;0;1;36;college
1488;1.827894461;2.494148106;1;0;0;36;graduate
1489;-0.179216167;0.91428944;0;1;1;14;hs
1490;0.179373797;1.09383175;0;0;1;46;hs
1491;4.206889246;8.194347791;1;1;0;43;college
1492;0.560942131;1.32375324;0;0;0;27;hs
1493;0.225352148;1.119269314;0;0;1;31;hs
1494;3.683338195;6.307056572;1;1;1;51;hs
1495;2.600706091;3.670592324;1;0;0;45;hs
1496;1.853609681;2.526423941;1;1;1;35;graduate
1497;-0.679992121;0.711773127;0;0;0;29;graduate
1498;-1.039794032;0.594581777;0;0;0;20;graduate
1499;3.032706452;4.55558169;1;1;1;40;graduate
1500;0.35274481;1.192882212;0;1;1;32;hs
1501;-0.56801114;0.752762452;0;0;0;30;college
1502;2.800527755;4.056270183;1;1;1;40;hs
1503;1.135973361;1.764710546;0;0;0;32;hs
1504;1.629773279;2.258919585;1;0;0;35;college
1505;0.479681084;1.271046455;0;0;0;35;college
1506;2.48720947;3.468092515;1;1;1;49;graduate
1507;0.619732194;1.36324256;0;0;0;25;college
1508;3.336734248;5.303500764;1;1;1;46;graduate
1509;2.652830881;3.767514276;1;1;0;23;graduate
1510;2.258495114;3.093328071;1;0;0;18;college
1511;0.735380248;1.444394386;0;0;0;24;hs
1512;2.131344379;2.902789554;1;1;1;36;hs
1513;1.50918221;2.126741731;1;0;1;32;college
1514;-1.122258235;0.570564466;0;0;0;29;college
1515;0.911433228;1.577303295;0;1;1;30;graduate
1516;0.42876313;1.23909536;0;0;1;34;college
1517;2.563361939;3.602690651;1;1;1;41;graduate
1518;0.864409546;1.540650566;0;1;1;33;hs
1519;1.569102384;2.191423192;1;0;1;36;hs
1520;3.270414801;5.13052196;1;1;1;47;hs
1521;2.827463057;4.111268131;1;1;1;51;hs
1522;2.747901705;3.950929441;1;1;1;33;college
1523;3.301398718;5.210622649;1;1;1;48;hs
1524;1.799745469;2.459290109;1;1;1;42;hs
1525;1.289959556;1.905948486;0;0;0;39;hs
1526;2.677117982;3.813544193;1;0;0;41;hs
1527;1.49757994;2.114439933;1;1;1;41;college
1528;3.968728703;7.274421941;1;1;1;34;hs
1529;2.258578356;3.093456821;1;1;1;36;college
1530;1.040991644;1.682861843;0;0;1;33;graduate
1531;2.911622932;4.287961589;1;1;0;40;hs
1532;0.550244274;1.316691482;0;1;1;27;graduate
1533;1.245537168;1.864081771;0;1;0;43;hs
1534;0.644997662;1.380573277;0;0;0;22;college
1535;-0.506272508;0.776362092;0;0;0;16;college
1536;2.713117954;3.882809452;1;1;0;37;graduate
1537;-1.338357344;0.512129031;0;0;0;26;college
1538;2.255381652;3.088516338;1;1;1;44;graduate
1539;1.564119374;2.185970046;1;0;1;26;graduate
1540;0.808056623;1.497846353;0;0;0;26;hs
1541;1.880598131;2.560747135;1;0;1;40;college
1542;1.82512681;2.490699027;1;1;1;41;college
1543;3.650363306;6.203921877;1;1;1;37;college
1544;3.838039439;6.814275292;1;1;1;25;college
1545;2.99558908;4.471815776;1;1;1;46;hs
1546;-0.8665949;0.648367606;0;0;0;18;hs
1547;2.389048439;3.301986375;1;0;0;43;hs
1548;-0.148573871;0.928405263;0;1;1;32;hs
1549;1.900113971;2.585857011;1;1;1;46;hs
1550;0.048599427;1.024597357;0;0;1;35;college
1551;1.040062057;1.682079841;0;0;1;40;graduate
1552;1.018405751;1.663964279;0;0;0;20;college
1553;2.713026129;3.882631185;1;1;1;37;hs
1554;1.039700128;1.681775472;0;0;0;31;college
1555;3.990848483;7.355322799;1;1;0;27;hs
1556;3.03703608;4.565454359;1;0;1;34;college
1557;1.922905756;2.615493707;1;0;1;28;graduate
1558;1.557592629;2.178848039;1;1;1;26;hs
1559;3.104844066;4.722895348;1;0;0;37;hs
1560;2.774082895;4.002989462;1;1;1;26;hs
1561;1.356599752;1.970524747;1;1;1;45;hs
1562;2.416293568;3.347275677;1;1;0;29;hs
1563;1.108848175;1.740938068;0;0;0;33;graduate
1564;0.671732506;1.39915188;0;0;0;44;hs
1565;-0.097279257;0.95252433;0;0;0;11;hs
1566;2.636679094;3.737210759;1;1;0;21;graduate
1567;1.440824263;2.055280082;1;0;0;32;hs
1568;0.580541922;1.336789657;0;0;1;24;college
1569;1.665666527;2.29982553;1;1;1;29;college
1570;1.291166355;1.907098882;0;1;1;29;college
1571;2.418627797;3.351184611;1;0;0;32;hs
1572;2.563324502;3.602623215;1;1;1;44;hs
1573;-0.035043695;0.982630767;0;0;1;28;hs
1574;-0.056371584;0.972207722;0;0;0;26;hs
1575;-1.613393509;0.446329971;0;0;0;23;college
1576;1.505556655;2.122889914;1;1;1;38;college
1577;-0.501379231;0.778263895;0;0;1;36;hs
1578;-0.928790391;0.628515119;0;0;1;33;hs
1579;2.616943018;3.700513186;1;0;0;36;graduate
1580;1.629173867;2.258242675;1;0;0;36;college
1581;0.959218321;1.6154429;0;0;0;37;hs
1582;4.721125941;10.59691552;1;1;0;48;hs
1583;0.307250864;1.166054038;0;0;0;33;hs
1584;1.842448324;2.512364049;1;1;1;38;graduate
1585;0.910212773;1.576341076;0;1;0;33;graduate
1586;2.779181726;4.013207765;1;1;0;40;hs
1587;0.112806045;1.058024006;0;0;0;36;hs
1588;3.014965805;4.5153509;1;0;0;39;college
1589;0.699999133;1.419066933;0;0;0;32;college
1590;2.088648184;2.841477297;1;1;1;27;hs
1591;0.883037803;1.555067419;0;0;0;30;college
1592;-0.918481537;0.631763118;0;0;1;19;college
1593;0.146262536;1.075871755;0;0;1;37;graduate
1594;-0.009834118;0.99509501;0;0;0;30;college
1595;2.578556001;3.630164633;1;1;1;49;hs
1596;1.888841889;2.571324008;1;1;1;37;college
1597;1.970522209;2.678511164;1;1;1;47;hs
1598;2.455335152;3.413259077;1;1;1;40;college
1599;1.597959581;2.223271569;1;0;1;46;hs
1600;1.274455889;1.891231009;0;0;1;48;hs
1601;1.855040553;2.528232081;1;0;1;32;college
1602;0.541605569;1.311016492;0;0;0;42;hs
1603;0.987063581;1.638091411;0;1;1;46;hs
1604;-1.449885513;0.484352294;0;0;0;22;hs
1605;0.887381162;1.558448198;0;1;1;31;college
1606;1.560637341;2.182167547;1;0;0;46;graduate
1607;0.899795898;1.568152146;0;0;0;37;college
1608;2.549757237;3.578267048;1;1;1;41;college
1609;2.462241933;3.425066769;1;0;0;44;hs
1610;1.276367312;1.893039344;0;0;0;39;hs
1611;0.740243457;1.447910856;0;1;1;23;hs
1612;0.186735567;1.097865438;0;0;0;21;hs
1613;-1.337014155;0.51247309;0;0;1;29;college
1614;2.406651306;3.331176859;1;1;1;28;hs
1615;2.54760986;3.574427165;1;0;0;30;graduate
1616;0.744020143;1.450647592;0;1;1;35;hs
1617;3.16552913;4.868396222;1;1;1;37;hs
1618;1.573224427;2.195944419;1;1;1;37;hs
1619;2.663708875;3.788061601;1;0;0;31;college
1620;-0.437749296;0.803422422;0;1;1;22;college
1621;-0.376457601;0.828425141;0;0;0;25;hs
1622;0.164120226;1.085521062;0;0;0;31;graduate
1623;2.429162406;3.368882891;1;0;1;42;hs
1624;2.055509344;2.794783579;1;1;1;31;graduate
1625;-0.446561012;0.799890444;0;0;0;31;hs
1626;2.209291531;3.018155145;1;0;0;44;hs
1627;1.905950572;2.593414341;1;0;1;43;hs
1628;0.218494714;1.115438228;0;0;1;28;college
1629;-0.272893216;0.872452901;0;0;0;34;college
1630;1.870906525;2.548368276;1;1;1;32;graduate
1631;2.705909588;3.868840284;1;1;1;44;hs
1632;0.916615894;1.581395914;0;0;0;28;college
1633;-0.767880069;0.681172273;0;1;1;23;college
1634;2.756911731;3.968768581;1;0;0;50;college
1635;2.16375525;2.950213749;1;1;1;25;hs
1636;1.755672263;2.405688477;1;0;0;38;hs
1637;0.993293902;1.643202285;0;0;0;35;hs
1638;2.480559165;3.456579729;1;1;1;44;college
1639;0.593840419;1.345707921;0;1;1;35;hs
1640;-1.165279989;0.558422187;0;0;0;21;college
1641;2.18868524;2.9872183;1;1;1;42;hs
1642;1.67982055;2.31615915;1;1;1;38;hs
1643;4.197547093;8.156160626;1;0;0;58;college
1644;2.413635331;3.342829705;1;0;0;40;college
1645;1.016658676;1.662511379;0;0;0;24;college
1646;1.096095671;1.729872723;0;1;1;35;college
1647;0.771409996;1.470650762;0;0;0;37;hs
1648;3.441685939;5.589238036;1;1;1;37;hs
1649;0.318609048;1.172695006;0;0;0;22;college
1650;1.733883397;2.379622112;1;0;0;29;college
1651;1.893919958;2.577860984;1;1;1;32;graduate
1652;-1.14804534;0.563255086;0;0;0;32;hs
1653;1.87344816;2.551608846;1;0;0;38;hs
1654;1.37851291;1.992233667;1;0;0;35;hs
1655;0.189975017;1.099645119;0;0;0;34;college
1656;-0.973697129;0.614560092;0;0;0;34;hs
1657;-0.43547911;0.8043349;0;0;0;22;graduate
1658;0.629312491;1.369788359;0;0;1;30;college
1659;1.48745207;2.103759611;1;0;0;33;college
1660;2.580232188;3.633208324;1;1;1;37;graduate
1661;0.211543181;1.111567955;0;0;0;35;college
1662;1.027366383;1.671436091;0;0;0;43;hs
1663;3.011553303;4.507653147;1;1;0;35;college
1664;-0.097930848;0.952214053;0;0;1;29;college
1665;-0.159937375;0.923145252;0;0;0;37;graduate
1666;0.328789946;1.17867977;0;0;1;41;graduate
1667;0.874417216;1.548379047;0;0;0;31;hs
1668;2.779093416;4.013030566;1;1;1;36;hs
1669;2.652911118;3.767665425;1;1;0;28;hs
1670;0.930164725;1.592145317;0;1;1;27;college
1671;2.145585119;2.923532249;1;1;1;31;college
1672;2.880240064;4.221202465;1;1;1;44;hs
1673;0.829261173;1.513811415;0;0;0;35;hs
1674;1.080405862;1.716355128;0;0;0;38;hs
1675;4.113591338;7.820868963;1;0;1;37;graduate
1676;1.928009834;2.622177074;1;1;1;33;college
1677;1.632667836;2.262191238;1;0;1;35;college
1678;0.919582495;1.58374334;0;0;0;24;college
1679;-1.821352842;0.40225204;0;0;1;28;hs
1680;2.476247342;3.449135676;1;0;0;30;college
1681;2.392069224;3.30697744;1;1;1;33;graduate
1682;0.320850616;1.174010081;0;0;0;32;hs
1683;1.621579402;2.249683863;1;0;0;41;college
1684;-0.697169314;0.705686171;0;0;0;30;hs
1685;4.136146512;7.909568714;1;1;1;50;graduate
1686;2.039008858;2.77182079;1;0;1;46;college
1687;0.838701286;1.52097358;0;0;0;37;hs
1688;-0.605268146;0.738869419;0;0;0;28;hs
1689;-0.459870687;0.794584976;0;1;1;26;hs
1690;-0.189803184;0.909462428;0;1;1;39;college
1691;1.809291068;2.471055862;1;1;0;38;hs
1692;-0.299949384;0.86072976;0;0;0;34;hs
1693;1.428309006;2.042459059;1;1;1;26;college
1694;-0.643719645;0.724799784;0;0;0;25;hs
1695;1.740274981;2.387239053;1;1;1;34;college
1696;1.897860328;2.582944853;1;1;1;29;graduate
1697;-0.258961016;0.878551713;0;1;1;42;college
1698;2.611406161;3.690282749;1;0;0;42;graduate
1699;0.720497827;1.433686234;0;0;1;46;graduate
1700;0.215456655;1.11374513;0;1;1;26;hs
1701;3.446133784;5.6016819;1;1;1;29;hs
1702;0.37633482;1.207035569;0;0;1;44;college
1703;1.010614035;1.657494322;0;0;0;34;hs
1704;-0.444282195;0.800802365;0;0;0;16;hs
1705;1.627112861;2.255916748;1;1;1;31;hs
1706;2.573660984;3.621290638;1;1;1;36;hs
1707;2.723158549;3.902351322;1;1;1;45;hs
1708;0.249606523;1.132925541;0;0;1;39;college
1709;2.496742628;3.484662912;1;0;0;40;hs
1710;-1.756819931;0.415442955;0;0;0;21;college
1711;2.306497222;3.168469333;1;1;0;39;college
1712;1.823483378;2.488653221;1;0;1;21;college
1713;1.255771034;1.873644598;0;0;0;40;hs
1714;1.210937619;1.832110918;0;1;1;45;hs
1715;2.154173238;2.936113063;1;1;1;38;graduate
1716;0.797079174;1.489647608;0;1;0;25;hs
1717;0.255109498;1.136047064;0;0;0;36;hs
1718;2.18866862;2.987193477;1;0;1;44;hs
1719;0.727614636;1.438796957;0;0;1;28;hs
1720;2.163559476;2.949924976;1;0;0;40;hs
1721;3.163985537;4.864640261;1;1;1;48;college
1722;1.784399983;2.440492814;1;1;1;38;hs
1723;3.050167505;4.595528441;1;0;1;53;college
1724;1.934598338;2.63082943;1;1;1;42;hs
1725;0.290413403;1.15627855;0;0;1;20;hs
1726;1.152832095;1.779648811;0;0;0;29;hs
1727;2.53668574;3.554956654;1;1;0;39;graduate
1728;-1.905775573;0.385625809;0;0;0;17;hs
1729;1.338007006;1.952290899;1;0;0;40;college
1730;-0.8480792;0.654397967;0;1;1;27;college
1731;2.378789623;3.285092505;1;0;0;42;hs
1732;1.780928283;2.436260159;1;1;1;27;college
1733;-1.055893381;0.589814799;0;0;0;24;hs
1734;1.46943271;2.08489054;1;1;1;33;college
1735;1.965982005;2.672437568;1;1;1;35;college
1736;-0.436290529;0.804008639;0;1;1;25;graduate
1737;1.181800592;1.80561327;0;1;1;32;hs
1738;2.093127935;2.847848985;1;1;1;27;college
1739;3.163251787;4.862855873;1;0;0;57;hs
1740;0.780146559;1.47708903;0;0;0;39;hs
1741;1.990805285;2.705813598;1;0;0;32;college
1742;0.785844562;1.481303259;0;0;1;30;hs
1743;2.061213298;2.802765614;1;1;1;35;college
1744;1.055161863;1.694827442;0;1;1;26;graduate
1745;2.358786831;3.252400749;1;1;1;33;college
1746;1.308911624;1.924095162;0;0;1;40;hs
1747;1.130400734;1.759800353;0;0;0;35;hs
1748;1.728949392;2.373758814;1;1;0;32;college
1749;-0.907213432;0.63533255;0;0;0;31;college
1750;1.720392843;2.363624915;1;1;1;30;college
1751;0.991665801;1.64186518;0;1;1;28;hs
1752;1.336804915;1.951117836;1;0;0;29;college
1753;2.614766297;3.696487884;1;1;0;27;hs
1754;3.180944673;4.906065694;1;1;1;35;hs
1755;0.743316939;1.450137631;0;0;0;38;hs
1756;2.200785381;3.005345963;1;1;1;34;college
1757;1.363896395;1.977726984;1;1;1;37;hs
1758;1.153553493;1.780290844;0;1;1;39;hs
1759;0.958681597;1.615009435;0;1;0;31;college
1760;0.811939469;1.500757131;0;1;1;44;college
1761;2.1648066;2.95176501;1;1;0;36;graduate
1762;-0.28070565;0.869051558;0;1;1;30;hs
1763;1.291151493;1.907084711;0;0;1;51;college
1764;-0.088588235;0.956672542;0;1;1;37;college
1765;3.853242269;6.866270797;1;1;1;56;graduate
1766;1.75325024;2.402776924;1;1;1;32;hs
1767;1.9824036;2.694470742;1;1;1;38;college
1768;-0.242325749;0.885889659;0;0;0;27;hs
1769;0.92916496;1.59134963;0;0;0;40;hs
1770;-0.222355306;0.894779774;0;0;0;30;hs
1771;0.614202425;1.359478557;0;0;0;29;graduate
1772;1.586874741;2.210983348;1;0;1;43;hs
1773;1.602144542;2.227928592;1;0;0;37;college
1774;1.037248027;1.679714794;0;1;1;36;college
1775;-0.684367083;0.710217838;0;0;0;21;college
1776;-0.110598213;0.946202091;0;0;0;29;hs
1777;-0.157542646;0.924251255;0;0;1;28;hs
1778;1.767138976;2.419520761;1;0;0;43;hs
1779;0.981829011;1.633809665;0;0;0;31;college
1780;2.679478059;3.818046978;1;1;1;30;graduate
1781;0.604044178;1.352591104;0;0;0;25;hs
1782;2.061783258;2.803564459;1;0;1;38;hs
1783;2.533850353;3.549920385;1;0;1;43;college
1784;0.849128931;1.528924375;0;0;0;35;college
1785;2.153064474;2.934485786;1;0;1;36;hs
1786;0.517664494;1.295416476;0;0;0;32;hs
1787;3.465275082;5.655551001;1;0;0;42;college
1788;-0.174708053;0.916352625;0;1;0;17;hs
1789;1.537231757;2.156778943;1;1;1;40;hs
1790;2.392232026;3.307246641;1;0;0;42;hs
1791;0.961357368;1.617171578;0;0;0;34;hs
1792;-0.962882365;0.617892254;0;0;0;38;hs
1793;-0.072822285;0.964243771;0;0;0;33;hs
1794;0.984958996;1.636368567;0;1;1;31;graduate
1795;2.016710599;2.741089035;1;1;0;36;college
1796;2.237765778;3.061432333;1;0;1;33;college
1797;1.136761294;1.76540592;0;0;0;28;college
1798;2.773368188;4.001559235;1;0;0;41;hs
1799;0.009391123;1.004706603;0;0;0;21;college
1800;2.674243141;3.808066463;1;1;1;40;hs
1801;-2.101555178;0.349665747;0;0;0;12;hs
1802;2.69594288;3.849608443;1;0;0;41;college
1803;2.242720988;3.069026756;1;1;1;37;graduate
1804;2.502474544;3.494664134;1;0;0;30;hs
1805;-1.166437445;0.558099106;0;0;0;9;hs
1806;2.622513041;3.710833523;1;1;1;26;college
1807;2.549114006;3.577116407;1;0;0;36;college
1808;-1.304777332;0.520800272;0;0;0;19;college
1809;1.429267792;2.043438435;1;1;1;49;hs
1810;0.95138838;1.609130852;0;1;0;30;college
1811;3.368131035;5.387414136;1;1;0;44;hs
1812;0.507856685;1.289079429;0;1;1;37;graduate
1813;3.301164277;5.210011892;1;1;1;48;hs
1814;1.188561633;1.811727512;0;0;0;37;hs
1815;4.443787023;9.224781568;1;1;1;52;hs
1816;0.964742748;1.619911266;0;0;0;28;hs
1817;2.115634954;2.880078288;1;0;0;49;college
1818;0.414996569;1.230595606;0;0;0;35;college
1819;0.404565965;1.224194384;0;0;1;39;college
1820;2.076257805;2.823928223;1;1;1;31;college
1821;1.104678241;1.737312051;0;0;0;31;college
1822;0.525519262;1.300514078;0;0;0;33;hs
1823;-0.632737545;0.728790643;0;0;0;25;hs
1824;-0.413237901;0.81332951;0;0;1;35;hs
1825;4.538628599;9.672765919;1;1;1;45;college
1826;1.071086234;1.708375838;0;0;1;47;hs
1827;-0.509854935;0.774972707;0;0;1;19;graduate
1828;2.796527124;4.048164475;1;0;0;37;college
1829;1.55277151;2.173602121;1;0;0;29;hs
1830;0.012070625;1.006053562;0;1;1;38;hs
1831;3.652549172;6.210706056;1;1;1;40;college
1832;4.260380544;8.416468078;1;1;0;37;hs
1833;3.550404153;5.901473564;1;1;1;43;college
1834;0.350662314;1.191640771;0;1;1;27;college
1835;-0.137010298;0.933788652;0;0;0;28;hs
1836;0.670881437;1.398556619;0;1;0;22;hs
1837;1.092231711;1.72653387;0;0;0;28;hs
1838;1.744446104;2.392222982;1;1;1;34;hs
1839;3.195266363;4.941323359;1;0;1;47;hs
1840;0.016209783;1.008137825;0;0;0;31;graduate
1841;0.674820867;1.401314092;0;1;1;28;hs
1842;4.466491755;9.330101347;1;1;1;50;hs
1843;1.273357339;1.890192488;0;1;0;32;hs
1844;3.697557978;6.352058851;1;1;1;43;hs
1845;-0.423367581;0.80922054;0;1;1;34;hs
1846;2.849707006;4.157248774;1;1;1;37;hs
1847;-1.181824677;0.553821781;0;0;0;18;college
1848;0.94680094;1.605444187;0;0;0;34;college
1849;4.502072328;9.497571781;1;1;1;50;college
1850;2.090448428;2.844036125;1;0;0;37;hs
1851;-1.114503027;0.572781184;0;0;0;17;hs
1852;4.24269554;8.342373516;1;1;1;37;hs
1853;1.116775843;1.747852552;0;0;0;26;hs
1854;2.011978804;2.734611565;1;0;0;45;college
1855;0.769728408;1.469414767;0;0;0;38;hs
1856;1.109706467;1.741685345;0;1;1;36;hs
1857;0.460477193;1.258900343;0;0;0;34;hs
1858;2.363834219;3.260619179;1;0;0;38;college
1859;3.28690727;5.173004365;1;1;1;39;hs
1860;-0.002104222;0.998948442;0;0;0;33;hs
1861;-0.747789142;0.688049448;0;0;0;24;college
1862;-1.805227689;0.405508338;0;0;1;29;hs
1863;1.650028309;2.281913065;1;1;1;35;college
1864;0.84188445;1.523396261;0;0;0;28;college
1865;1.652770107;2.285043483;1;1;1;40;college
1866;0.745012834;1.451367792;0;1;1;33;college
1867;1.918880406;2.610234863;1;0;1;37;college
1868;0.204312394;1.107556455;0;1;0;30;hs
1869;2.120973855;2.887776785;1;1;0;29;hs
1870;2.731845937;3.91933881;1;0;1;41;college
1871;0.520644178;1.297347881;0;0;0;43;hs
1872;-0.293531481;0.863496236;0;0;1;38;college
1873;0.665359514;1.394700584;0;0;0;37;hs
1874;1.57097465;2.193475616;1;0;0;29;hs
1875;1.266978059;1.88417306;0;1;1;41;college
1876;1.220908991;1.841268056;0;1;1;33;hs
1877;4.181905033;8.09261985;1;1;0;51;hs
1878;2.456720576;3.415624302;1;0;0;33;hs
1879;2.543203826;3.566561309;1;1;1;37;college
1880;3.089715284;4.687304304;1;1;1;42;college
1881;0.186344689;1.097650893;0;0;1;35;hs
1882;-0.584937761;0.746418473;0;0;0;17;hs
1883;-0.027864129;0.986164537;0;0;0;38;hs
1884;0.575699457;1.333556893;0;1;1;27;college
1885;-1.506879739;0.470744465;0;0;0;18;graduate
1886;1.723668063;2.367498782;1;0;0;34;college
1887;1.495283863;2.112013867;1;1;1;14;college
1888;3.139336934;4.805054895;1;0;0;42;college
1889;2.515945511;3.518281835;1;0;1;24;graduate
1890;-0.632709792;0.728800756;0;0;0;15;hs
1891;2.433126527;3.375566842;1;1;0;31;graduate
1892;0.735062324;1.444164801;0;0;0;29;hs
1893;3.745100352;6.504863812;1;1;1;42;college
1894;1.645283717;2.276506107;1;0;0;23;college
1895;4.06666438;7.63950026;1;1;1;41;college
1896;0.585832499;1.340330532;0;1;1;42;hs
1897;4.208357306;8.200364898;1;1;1;44;college
1898;1.195007077;1.817575624;0;0;0;32;hs
1899;1.011696831;1.658391929;0;0;0;30;graduate
1900;0.587994802;1.341780416;0;1;0;43;hs
1901;1.334190429;1.948568917;1;1;1;43;hs
1902;2.004764476;2.724765142;1;1;1;49;hs
1903;-1.504385701;0.471331858;0;0;0;30;hs
1904;-0.292045373;0.864138099;0;1;1;23;hs
1905;3.097657101;4.705954165;1;1;1;45;graduate
1906;3.281526695;5.159106201;1;1;1;39;college
1907;-0.603578832;0.739493774;0;0;0;33;hs
1908;0.515921616;1.294288092;0;1;0;30;graduate
1909;1.191797738;1.814661355;0;1;1;23;college
1910;0.120893816;1.062311196;0;1;1;26;college
1911;4.705226494;10.51300694;1;1;0;37;college
1912;0.227283035;1.120350427;0;0;0;41;college
1913;0.839218762;1.521367165;0;1;1;37;college
1914;1.008955155;1.6561201;0;0;0;38;hs
1915;3.051765267;4.599201188;1;1;0;25;college
1916;-0.176648037;0.915464201;0;0;0;31;hs
1917;2.735212453;3.925941624;1;1;1;38;graduate
1918;0.398733849;1.220629763;0;1;1;36;hs
1919;2.213518557;3.024540801;1;0;0;31;college
1920;2.408259111;3.333855879;1;0;0;35;hs
1921;3.452191151;5.618673341;1;1;1;38;graduate
1922;3.538196665;5.86556219;1;1;1;37;graduate
1923;1.722274183;2.365849352;1;1;1;39;hs
1924;1.425581991;2.039676049;1;0;0;41;hs
1925;-0.071812838;0.964730569;0;1;1;24;hs
1926;2.145836189;2.923899277;1;1;0;29;college
1927;4.05817431;7.607139051;1;1;1;37;graduate
1928;3.60774834;6.073130287;1;0;0;56;college
1929;2.618057933;3.70257664;1;1;1;48;hs
1930;0.787088433;1.482224821;0;1;0;29;graduate
1931;3.947015605;7.195873974;1;1;1;47;hs
1932;1.249940188;1.868190086;0;0;1;52;hs
1933;1.657691436;2.290673131;1;1;1;30;graduate
1934;-0.058109137;0.971363457;0;1;1;22;college
1935;0.979169166;1.631638269;0;1;1;26;college
1936;-1.64393618;0.439565698;0;0;0;26;hs
1937;3.938906285;7.166756224;1;1;1;32;graduate
1938;0.854919257;1.533357274;0;0;0;39;college
1939;0.439099163;1.245515601;0;0;0;33;hs
1940;2.105402939;2.865381412;1;1;1;41;college
1941;-1.48865695;0.475053203;0;0;0;16;hs
1942;0.930135127;1.592121755;0;0;0;32;college
1943;-0.277176803;0.870586287;0;0;0;26;college
1944;3.124318244;4.76910722;1;1;1;40;graduate
1945;1.638251267;2.268515456;1;0;0;32;hs
1946;1.210324398;1.83154926;0;1;1;32;hs
1947;2.2589768;3.094073167;1;0;0;51;hs
1948;1.953677973;2.656047158;1;0;1;47;graduate
1949;1.721635742;2.365094245;1;1;1;33;hs
1950;0.605514434;1.353585797;0;1;1;33;hs
1951;2.348715991;3.236064708;1;1;1;32;college
1952;0.466660008;1.262798139;0;0;0;28;college
1953;2.145251338;2.923044379;1;0;0;39;hs
1954;2.202664326;3.00817073;1;0;0;40;hs
1955;0.545646349;1.313667935;0;0;1;34;hs
1956;2.33936207;3.220965099;1;0;1;42;hs
1957;3.485194187;5.712159186;1;0;1;51;graduate
1958;-0.185569138;0.911389821;0;1;1;15;graduate
1959;1.280192363;1.896663294;0;1;1;33;college
1960;3.117417893;4.752681317;1;1;1;33;college
1961;-1.183837603;0.55326466;0;0;0;22;hs
1962;4.02319079;7.475233791;1;1;1;37;college
1963;0.372528902;1.204740813;0;0;0;32;hs
1964;2.57489876;3.623532505;1;1;1;37;college
1965;-1.451125758;0.48405203;0;0;1;26;graduate
1966;1.339992329;1.954229825;1;0;0;25;college
1967;-0.769507257;0.6806183;0;0;0;23;hs
1968;3.315708688;5.24803827;1;1;1;39;hs
1969;4.647521715;10.21401562;1;1;1;46;college
1970;3.096938883;4.704264517;1;1;1;36;college
1971;0.3749541;1.206202566;0;0;0;32;hs
1972;-1.141119629;0.565208938;0;0;0;15;hs
1973;1.267910194;1.885051416;0;0;0;43;graduate
1974;-0.075670909;0.962871364;0;1;1;33;hs
1975;0.236906412;1.125754194;0;0;0;25;hs
1976;1.975891682;2.685711922;1;0;0;43;hs
1977;2.780304249;4.015460857;1;0;0;36;college
1978;2.760540052;3.975975099;1;1;1;49;college
1979;3.36851345;5.388444346;1;1;1;36;graduate
1980;3.128003914;4.777904003;1;0;0;53;hs
1981;0.653195399;1.386243678;0;0;0;28;college
1982;3.124056275;4.768482582;1;1;1;38;graduate
1983;1.718833472;2.361782749;1;1;1;42;hs
1984;0.987320613;1.638301946;0;1;1;39;hs
1985;2.362154093;3.257881204;1;0;0;40;hs
1986;-1.185608374;0.552775025;0;1;1;23;hs
1987;2.305972658;3.16763841;1;1;1;35;college
1988;0.07321431;1.037285448;0;1;0;34;hs
1989;1.4869737;2.103256484;1;1;1;39;college
1990;1.563573521;2.185373518;1;0;0;25;college
1991;-0.244866115;0.884765131;0;0;0;23;graduate
1992;-0.125301994;0.939271225;0;0;1;32;college
1993;-2.053630684;0.358145718;0;0;0;26;hs
1994;-1.089517862;0.579981582;0;0;0;31;college
1995;0.617006607;1.361386007;0;0;0;28;hs
1996;1.627057073;2.255853823;1;0;0;29;graduate
1997;3.524548498;5.825671368;1;1;1;39;hs
1998;-0.347027929;0.840705411;0;0;0;38;hs
1999;0.21015964;1.110799271;0;1;1;25;college
2000;1.557960899;2.179249277;1;1;1;30;hs
